日期,最低,最高,平均,同比,环比,阶段
2014-12-01,10200.0,10300.0,10250.0,,,上涨期
2014-12-02,10150.0,10250.0,10200.0,,-0.49%,上涨期
2014-12-03,10050.0,10150.0,10100.0,,-0.98%,上涨期
2014-12-04,9900.0,10000.0,9950.0,,-1.49%,上涨期
2014-12-05,9750.0,9850.0,9800.0,,-1.51%,上涨期
2014-12-08,9700.0,9800.0,9750.0,,-0.51%,上涨期
2014-12-09,9550.0,9650.0,9600.0,,-1.54%,上涨期
2014-12-10,9350.0,9450.0,9400.0,,-2.08%,上涨期
2014-12-11,9150.0,9250.0,9200.0,,-2.13%,上涨期
2014-12-12,8950.0,9050.0,9000.0,,-2.17%,上涨期
2014-12-15,8750.0,8850.0,8800.0,,-2.22%,上涨期
2014-12-16,8850.0,8950.0,8900.0,,1.14%,上涨期
2014-12-17,9050.0,9150.0,9100.0,,2.25%,上涨期
2014-12-18,9150.0,9250.0,9200.0,,1.10%,上涨期
2014-12-19,9250.0,9350.0,9300.0,,1.09%,上涨期
2014-12-22,9450.0,9550.0,9500.0,,2.15%,上涨期
2014-12-23,9650.0,9750.0,9700.0,,2.11%,上涨期
2014-12-24,9550.0,9650.0,9600.0,,-1.03%,上涨期
2014-12-25,9450.0,9550.0,9500.0,,-1.04%,上涨期
2014-12-26,9450.0,9550.0,9500.0,,0.00%,上涨期
2014-12-29,9350.0,9450.0,9400.0,,-1.05%,上涨期
2014-12-30,9350.0,9450.0,9400.0,,0.00%,上涨期
2014-12-31,9350.0,9450.0,9400.0,,0.00%,上涨期
2015-01-04,9350.0,9450.0,9400.0,,0.00%,上涨期
2015-01-05,9250.0,9350.0,9300.0,,-1.06%,上涨期
2015-01-06,9050.0,9150.0,9100.0,,-2.15%,上涨期
2015-01-07,8850.0,8950.0,8900.0,,-2.20%,上涨期
2015-01-08,8550.0,8650.0,8600.0,,-3.37%,上涨期
2015-01-09,8250.0,8350.0,8300.0,,-3.49%,上涨期
2015-01-12,8150.0,8250.0,8200.0,,-1.20%,上涨期
2015-01-13,8150.0,8250.0,8200.0,,0.00%,上涨期
2015-01-14,8050.0,8150.0,8100.0,,-1.22%,上涨期
2015-01-15,8250.0,8350.0,8300.0,,2.47%,上涨期
2015-01-16,8350.0,8450.0,8400.0,,1.20%,上涨期
2015-01-19,8450.0,8550.0,8500.0,,1.19%,上涨期
2015-01-20,8550.0,8650.0,8600.0,,1.18%,上涨期
2015-01-21,8550.0,8650.0,8600.0,,0.00%,上涨期
2015-01-22,8450.0,8550.0,8500.0,,-1.16%,上涨期
2015-01-23,8250.0,8350.0,8300.0,,-2.35%,上涨期
2015-01-26,8050.0,8150.0,8100.0,,-2.41%,上涨期
2015-01-27,7950.0,8050.0,8000.0,,-1.23%,上涨期
2015-01-28,7850.0,7950.0,7900.0,,-1.25%,上涨期
2015-01-29,7850.0,7950.0,7900.0,,0.00%,上涨期
2015-01-30,7950.0,8050.0,8000.0,,1.27%,上涨期
2015-02-02,8000.0,8100.0,8050.0,,0.63%,上涨期
2015-02-03,8100.0,8200.0,8150.0,,1.24%,上涨期
2015-02-04,8250.0,8350.0,8300.0,,1.84%,上涨期
2015-02-05,8150.0,8250.0,8200.0,,-1.20%,上涨期
2015-02-06,8200.0,8300.0,8250.0,,0.61%,上涨期
2015-02-09,8200.0,8300.0,8250.0,,0.00%,上涨期
2015-02-10,8250.0,8350.0,8300.0,,0.61%,上涨期
2015-02-11,8250.0,8350.0,8300.0,,0.00%,上涨期
2015-02-12,8250.0,8350.0,8300.0,,0.00%,上涨期
2015-02-13,8300.0,8400.0,8350.0,,0.60%,上涨期
2015-02-15,8300.0,8400.0,8350.0,,0.00%,上涨期
2015-02-16,8300.0,8400.0,8350.0,,0.00%,上涨期
2015-02-17,8300.0,8400.0,8350.0,,0.00%,上涨期
2015-02-25,8300.0,8400.0,8350.0,,0.00%,上涨期
2015-02-26,8350.0,8400.0,8375.0,,0.30%,上涨期
2015-02-27,8400.0,8500.0,8450.0,,0.90%,上涨期
2015-02-28,8450.0,8550.0,8500.0,,0.59%,上涨期
2015-03-02,8500.0,8600.0,8550.0,,0.59%,上涨期
2015-03-03,8600.0,8700.0,8650.0,,1.17%,上涨期
2015-03-04,8550.0,8650.0,8600.0,,-0.58%,上涨期
2015-03-05,8500.0,8600.0,8550.0,,-0.58%,上涨期
2015-03-06,8500.0,8600.0,8550.0,,0.00%,上涨期
2015-03-09,8450.0,8550.0,8500.0,,-0.58%,上涨期
2015-03-10,8350.0,8450.0,8400.0,,-1.18%,上涨期
2015-03-11,8200.0,8300.0,8250.0,,-1.79%,上涨期
2015-03-12,8100.0,8200.0,8150.0,,-1.21%,上涨期
2015-03-13,8300.0,8400.0,8350.0,,2.45%,下跌期
2015-03-16,8300.0,8400.0,8350.0,,0.00%,平稳期
2015-03-17,8350.0,8450.0,8400.0,,0.60%,平稳期
2015-03-18,8350.0,8450.0,8400.0,,0.00%,平稳期
2015-03-19,8350.0,8450.0,8400.0,,0.00%,平稳期
2015-03-20,8350.0,8450.0,8400.0,,0.00%,平稳期
2015-03-23,8500.0,8600.0,8550.0,,1.79%,平稳期
2015-03-24,8650.0,8750.0,8700.0,,1.75%,平稳期
2015-03-25,8700.0,8800.0,8750.0,,0.57%,平稳期
2015-03-26,8650.0,8750.0,8700.0,,-0.57%,平稳期
2015-03-27,8750.0,8850.0,8800.0,,1.15%,平稳期
2015-03-30,8750.0,8850.0,8800.0,,0.00%,下跌期
2015-03-31,8750.0,8850.0,8800.0,,0.00%,下跌期
2015-04-01,8800.0,8900.0,8850.0,,0.57%,下跌期
2015-04-02,8900.0,9000.0,8950.0,,1.13%,下跌期
2015-04-03,8950.0,9050.0,9000.0,,0.56%,下跌期
2015-04-07,9000.0,9100.0,9050.0,,0.56%,下跌期
2015-04-08,9100.0,9200.0,9150.0,,1.10%,下跌期
2015-04-09,9150.0,9250.0,9200.0,,0.55%,平稳期
2015-04-10,9100.0,9200.0,9150.0,,-0.54%,平稳期
2015-04-13,9100.0,9200.0,9150.0,,0.00%,平稳期
2015-04-14,9050.0,9150.0,9100.0,,-0.55%,平稳期
2015-04-15,9000.0,9100.0,9050.0,,-0.55%,平稳期
2015-04-16,9050.0,9150.0,9100.0,,0.55%,平稳期
2015-04-17,9050.0,9150.0,9100.0,,0.00%,平稳期
2015-04-20,9100.0,9200.0,9150.0,,0.55%,平稳期
2015-04-21,9150.0,9250.0,9200.0,,0.55%,平稳期
2015-04-22,9150.0,9250.0,9200.0,,0.00%,平稳期
2015-04-23,9200.0,9300.0,9250.0,,0.54%,平稳期
2015-04-24,9350.0,9450.0,9400.0,,1.62%,平稳期
2015-04-27,9450.0,9550.0,9500.0,,1.06%,平稳期
2015-04-28,9600.0,9700.0,9650.0,,1.58%,平稳期
2015-04-29,9600.0,9700.0,9650.0,,0.00%,平稳期
2015-04-30,9650.0,9750.0,9700.0,,0.52%,平稳期
2015-05-04,9650.0,9750.0,9700.0,,0.00%,平稳期
2015-05-05,9650.0,9750.0,9700.0,,0.00%,平稳期
2015-05-06,9650.0,9750.0,9700.0,,0.00%,平稳期
2015-05-07,9600.0,9700.0,9650.0,,-0.52%,平稳期
2015-05-08,9450.0,9550.0,9500.0,,-1.55%,平稳期
2015-05-11,9400.0,9500.0,9450.0,,-0.53%,平稳期
2015-05-12,9350.0,9450.0,9400.0,,-0.53%,平稳期
2015-05-13,9300.0,9400.0,9350.0,,-0.53%,平稳期
2015-05-14,9150.0,9250.0,9200.0,,-1.60%,平稳期
2015-05-15,9100.0,9200.0,9150.0,,-0.54%,平稳期
2015-05-18,9000.0,9100.0,9050.0,,-1.09%,下跌期
2015-05-19,8950.0,9050.0,9000.0,,-0.55%,平稳期
2015-05-20,8850.0,8950.0,8900.0,,-1.11%,平稳期
2015-05-21,8900.0,9000.0,8950.0,,0.56%,平稳期
2015-05-22,9050.0,9150.0,9100.0,,1.68%,平稳期
2015-05-25,9200.0,9300.0,9250.0,,1.65%,平稳期
2015-05-26,9250.0,9350.0,9300.0,,0.54%,平稳期
2015-05-27,9200.0,9300.0,9250.0,,-0.54%,平稳期
2015-05-28,9150.0,9250.0,9200.0,,-0.54%,平稳期
2015-05-29,8950.0,9050.0,9000.0,,-2.17%,平稳期
2015-06-01,8900.0,9000.0,8950.0,,-0.56%,平稳期
2015-06-02,8900.0,9000.0,8950.0,,0.00%,平稳期
2015-06-03,8900.0,9000.0,8950.0,,0.00%,平稳期
2015-06-04,8900.0,9000.0,8950.0,,0.00%,平稳期
2015-06-05,8800.0,8900.0,8850.0,,-1.12%,下跌期
2015-06-08,8800.0,8900.0,8850.0,,0.00%,下跌期
2015-06-09,8800.0,8900.0,8850.0,,0.00%,平稳期
2015-06-10,8800.0,8900.0,8850.0,,0.00%,平稳期
2015-06-11,8900.0,9000.0,8950.0,,1.13%,平稳期
2015-06-12,9050.0,9150.0,9100.0,,1.68%,平稳期
2015-06-15,8950.0,9050.0,9000.0,,-1.10%,平稳期
2015-06-16,8950.0,9050.0,9000.0,,0.00%,平稳期
2015-06-17,8950.0,9050.0,9000.0,,0.00%,平稳期
2015-06-18,8800.0,8900.0,8850.0,,-1.67%,平稳期
2015-06-19,8750.0,8850.0,8800.0,,-0.56%,平稳期
2015-06-23,8700.0,8800.0,8750.0,,-0.57%,平稳期
2015-06-24,8700.0,8800.0,8750.0,,0.00%,下跌期
2015-06-25,8750.0,8850.0,8800.0,,0.57%,下跌期
2015-06-26,8700.0,8800.0,8750.0,,-0.57%,下跌期
2015-06-29,8700.0,8800.0,8750.0,,0.00%,下跌期
2015-06-30,8700.0,8800.0,8750.0,,0.00%,下跌期
2015-07-01,8700.0,8800.0,8750.0,,0.00%,下跌期
2015-07-02,8650.0,8750.0,8700.0,,-0.57%,下跌期
2015-07-03,8650.0,8750.0,8700.0,,0.00%,下跌期
2015-07-06,8550.0,8650.0,8600.0,,-1.15%,下跌期
2015-07-07,8450.0,8550.0,8500.0,,-1.16%,下跌期
2015-07-08,8250.0,8350.0,8300.0,,-2.35%,下跌期
2015-07-09,8200.0,8300.0,8250.0,,-0.60%,下跌期
2015-07-10,8350.0,8450.0,8400.0,,1.82%,下跌期
2015-07-13,8350.0,8450.0,8400.0,,0.00%,下跌期
2015-07-14,8350.0,8450.0,8400.0,,0.00%,下跌期
2015-07-15,8300.0,8400.0,8350.0,,-0.60%,下跌期
2015-07-16,8200.0,8300.0,8250.0,,-1.20%,下跌期
2015-07-17,8200.0,8300.0,8250.0,,0.00%,下跌期
2015-07-20,8200.0,8300.0,8250.0,,0.00%,下跌期
2015-07-21,8150.0,8250.0,8200.0,,-0.61%,下跌期
2015-07-22,8150.0,8250.0,8200.0,,0.00%,下跌期
2015-07-23,8200.0,8300.0,8250.0,,0.61%,下跌期
2015-07-24,8150.0,8250.0,8200.0,,-0.61%,下跌期
2015-07-27,8050.0,8150.0,8100.0,,-1.22%,下跌期
2015-07-28,7900.0,8000.0,7950.0,,-1.85%,下跌期
2015-07-29,7950.0,8050.0,8000.0,,0.63%,下跌期
2015-07-30,8000.0,8100.0,8050.0,,0.63%,下跌期
2015-07-31,7950.0,8050.0,8000.0,,-0.62%,下跌期
2015-08-03,7900.0,8000.0,7950.0,,-0.63%,下跌期
2015-08-04,7750.0,7850.0,7800.0,,-1.89%,下跌期
2015-08-05,7850.0,7950.0,7900.0,,1.28%,下跌期
2015-08-06,7950.0,8050.0,8000.0,,1.27%,下跌期
2015-08-07,8050.0,8150.0,8100.0,,1.25%,下跌期
2015-08-10,8100.0,8200.0,8150.0,,0.62%,下跌期
2015-08-11,8350.0,8450.0,8400.0,,3.07%,下跌期
2015-08-12,8300.0,8400.0,8350.0,,-0.60%,下跌期
2015-08-13,8350.0,8450.0,8400.0,,0.60%,下跌期
2015-08-14,8350.0,8450.0,8400.0,,0.00%,下跌期
2015-08-17,8300.0,8400.0,8350.0,,-0.60%,下跌期
2015-08-18,8250.0,8350.0,8300.0,,-0.60%,下跌期
2015-08-19,8250.0,8350.0,8300.0,,0.00%,下跌期
2015-08-20,8200.0,8300.0,8250.0,,-0.60%,下跌期
2015-08-21,8200.0,8300.0,8250.0,,0.00%,下跌期
2015-08-24,8150.0,8250.0,8200.0,,-0.61%,下跌期
2015-08-25,8000.0,8100.0,8050.0,,-1.83%,下跌期
2015-08-26,8000.0,8100.0,8050.0,,0.00%,下跌期
2015-08-27,8000.0,8100.0,8050.0,,0.00%,下跌期
2015-08-28,8050.0,8150.0,8100.0,,0.62%,下跌期
2015-08-31,8100.0,8200.0,8150.0,,0.62%,下跌期
2015-09-01,8200.0,8300.0,8250.0,,1.23%,下跌期
2015-09-02,8200.0,8300.0,8250.0,,0.00%,下跌期
2015-09-06,8200.0,8300.0,8250.0,,0.00%,下跌期
2015-09-07,8150.0,8250.0,8200.0,,-0.61%,下跌期
2015-09-08,8150.0,8250.0,8200.0,,0.00%,下跌期
2015-09-09,8100.0,8200.0,8150.0,,-0.61%,下跌期
2015-09-10,8000.0,8100.0,8050.0,,-1.23%,下跌期
2015-09-11,7950.0,8050.0,8000.0,,-0.62%,下跌期
2015-09-14,7950.0,8050.0,8000.0,,0.00%,下跌期
2015-09-15,7850.0,7950.0,7900.0,,-1.25%,下跌期
2015-09-16,7750.0,7850.0,7800.0,,-1.27%,下跌期
2015-09-17,7700.0,7800.0,7750.0,,-0.64%,下跌期
2015-09-18,7750.0,7850.0,7800.0,,0.65%,下跌期
2015-09-21,7750.0,7850.0,7800.0,,0.00%,下跌期
2015-09-22,7750.0,7850.0,7800.0,,0.00%,下跌期
2015-09-23,7750.0,7850.0,7800.0,,0.00%,下跌期
2015-09-24,7700.0,7800.0,7750.0,,-0.64%,下跌期
2015-09-25,7700.0,7800.0,7750.0,,0.00%,下跌期
2015-09-28,7650.0,7750.0,7700.0,,-0.65%,下跌期
2015-09-29,7600.0,7700.0,7650.0,,-0.65%,下跌期
2015-09-30,7450.0,7550.0,7500.0,,-1.96%,下跌期
2015-10-08,7450.0,7550.0,7500.0,,0.00%,下跌期
2015-10-09,7600.0,7700.0,7650.0,,2.00%,下跌期
2015-10-10,7650.0,7700.0,7675.0,,0.33%,下跌期
2015-10-12,7650.0,7750.0,7700.0,,0.33%,下跌期
2015-10-13,7600.0,7700.0,7650.0,,-0.65%,下跌期
2015-10-14,7500.0,7600.0,7550.0,,-1.31%,下跌期
2015-10-15,7450.0,7550.0,7500.0,,-0.66%,下跌期
2015-10-16,7200.0,7300.0,7250.0,,-3.33%,下跌期
2015-10-19,7200.0,7300.0,7250.0,,0.00%,下跌期
2015-10-20,7200.0,7300.0,7250.0,,0.00%,下跌期
2015-10-21,7200.0,7300.0,7250.0,,0.00%,下跌期
2015-10-22,7150.0,7250.0,7200.0,,-0.69%,下跌期
2015-10-23,7100.0,7200.0,7150.0,,-0.69%,下跌期
2015-10-26,7050.0,7150.0,7100.0,,-0.70%,下跌期
2015-10-27,7000.0,7100.0,7050.0,,-0.70%,下跌期
2015-10-28,6950.0,7050.0,7000.0,,-0.71%,下跌期
2015-10-29,7000.0,7100.0,7050.0,,0.71%,下跌期
2015-10-30,7000.0,7100.0,7050.0,,0.00%,下跌期
2015-11-02,6950.0,7050.0,7000.0,,-0.71%,下跌期
2015-11-03,6950.0,7050.0,7000.0,,0.00%,下跌期
2015-11-04,6900.0,7000.0,6950.0,,-0.71%,下跌期
2015-11-05,6830.0,6930.0,6880.0,,-1.01%,下跌期
2015-11-06,6800.0,6900.0,6850.0,,-0.44%,下跌期
2015-11-09,6750.0,6850.0,6800.0,,-0.73%,下跌期
2015-11-10,6670.0,6770.0,6720.0,,-1.18%,下跌期
2015-11-11,6600.0,6700.0,6650.0,,-1.04%,下跌期
2015-11-12,6650.0,6750.0,6700.0,,0.75%,下跌期
2015-11-13,6650.0,6750.0,6700.0,,0.00%,下跌期
2015-11-16,6500.0,6600.0,6550.0,,-2.24%,下跌期
2015-11-17,6400.0,6500.0,6450.0,,-1.53%,下跌期
2015-11-18,6450.0,6550.0,6500.0,,0.78%,下跌期
2015-11-19,6450.0,6550.0,6500.0,,0.00%,下跌期
2015-11-20,6300.0,6400.0,6350.0,,-2.31%,下跌期
2015-11-23,6250.0,6350.0,6300.0,,-0.79%,下跌期
2015-11-24,6250.0,6350.0,6300.0,,0.00%,下跌期
2015-11-25,6350.0,6450.0,6400.0,,1.59%,下跌期
2015-11-26,6450.0,6550.0,6500.0,,1.56%,下跌期
2015-11-27,6500.0,6600.0,6550.0,,0.77%,下跌期
2015-11-30,6500.0,6600.0,6550.0,,0.00%,下跌期
2015-12-01,6600.0,6700.0,6650.0,-35.12%,1.53%,下跌期
2015-12-02,6650.0,6750.0,6700.0,-34.31%,0.75%,下跌期
2015-12-03,6550.0,6650.0,6600.0,-34.65%,-1.49%,下跌期
2015-12-04,6550.0,6650.0,6600.0,-33.67%,0.00%,下跌期
2015-12-07,6500.0,6600.0,6550.0,-33.16%,-0.76%,下跌期
2015-12-08,6400.0,6500.0,6450.0,-33.85%,-1.53%,下跌期
2015-12-09,6300.0,6400.0,6350.0,-33.85%,-1.55%,下跌期
2015-12-10,6200.0,6300.0,6250.0,-33.51%,-1.57%,下跌期
2015-12-11,6200.0,6300.0,6250.0,-32.07%,0.00%,下跌期
2015-12-14,6200.0,6300.0,6250.0,-30.56%,0.00%,下跌期
2015-12-15,6150.0,6250.0,6200.0,-29.55%,-0.80%,下跌期
2015-12-16,6100.0,6200.0,6150.0,-30.90%,-0.81%,下跌期
2015-12-17,6150.0,6250.0,6200.0,-31.87%,0.81%,下跌期
2015-12-18,6150.0,6250.0,6200.0,-32.61%,0.00%,下跌期
2015-12-21,6150.0,6250.0,6200.0,-33.33%,0.00%,下跌期
2015-12-22,6250.0,6350.0,6300.0,-33.68%,1.61%,下跌期
2015-12-23,6250.0,6350.0,6300.0,-35.05%,0.00%,下跌期
2015-12-24,6350.0,6450.0,6400.0,-33.33%,1.59%,下跌期
2015-12-25,6400.0,6500.0,6450.0,-32.11%,0.78%,下跌期
2015-12-28,6400.0,6500.0,6450.0,-32.11%,0.00%,下跌期
2015-12-29,6350.0,6450.0,6400.0,-31.91%,-0.78%,下跌期
2015-12-30,6350.0,6450.0,6400.0,-31.91%,0.00%,下跌期
2015-12-31,6400.0,6500.0,6450.0,-31.38%,0.78%,下跌期
2016-01-04,6400.0,6500.0,6450.0,-31.38%,0.00%,下跌期
2016-01-05,6400.0,6500.0,6450.0,-30.65%,0.00%,下跌期
2016-01-06,6350.0,6450.0,6400.0,-29.67%,-0.78%,下跌期
2016-01-07,6250.0,6350.0,6300.0,-29.21%,-1.56%,下跌期
2016-01-08,6100.0,6200.0,6150.0,-28.49%,-2.38%,下跌期
2016-01-11,6000.0,6100.0,6050.0,-27.11%,-1.63%,下跌期
2016-01-12,6000.0,6100.0,6050.0,-26.22%,0.00%,平稳期
2016-01-13,6000.0,6100.0,6050.0,-26.22%,0.00%,平稳期
2016-01-14,6050.0,6150.0,6100.0,-24.69%,0.83%,平稳期
2016-01-15,6050.0,6150.0,6100.0,-26.51%,0.00%,平稳期
2016-01-18,6100.0,6200.0,6150.0,-26.79%,0.82%,平稳期
2016-01-19,6150.0,6250.0,6200.0,-27.06%,0.81%,平稳期
2016-01-20,6200.0,6300.0,6250.0,-27.33%,0.81%,平稳期
2016-01-21,6200.0,6300.0,6250.0,-27.33%,0.00%,平稳期
2016-01-22,6250.0,6350.0,6300.0,-25.88%,0.80%,平稳期
2016-01-25,6250.0,6350.0,6300.0,-24.10%,0.00%,平稳期
2016-01-26,6300.0,6400.0,6350.0,-21.60%,0.79%,平稳期
2016-01-27,6400.0,6500.0,6450.0,-19.38%,1.57%,平稳期
2016-01-28,6380.0,6480.0,6430.0,-18.61%,-0.31%,平稳期
2016-01-29,6400.0,6500.0,6450.0,-18.35%,0.31%,平稳期
2016-02-01,6350.0,6450.0,6400.0,-20.00%,-0.78%,平稳期
2016-02-02,6300.0,6400.0,6350.0,-21.12%,-0.78%,平稳期
2016-02-03,6300.0,6400.0,6350.0,-22.09%,0.00%,平稳期
2016-02-04,6300.0,6400.0,6350.0,-23.49%,0.00%,平稳期
2016-02-05,6300.0,6400.0,6350.0,-22.56%,0.00%,平稳期
2016-02-06,6300.0,6400.0,6350.0,-23.03%,0.00%,平稳期
2016-02-14,6300.0,6400.0,6350.0,-23.95%,0.00%,平稳期
2016-02-15,6300.0,6400.0,6350.0,-23.95%,0.00%,上涨期
2016-02-16,6270.0,6370.0,6320.0,-24.31%,-0.47%,上涨期
2016-02-17,6200.0,6300.0,6250.0,-25.15%,-1.11%,上涨期
2016-02-18,6180.0,6280.0,6230.0,-25.39%,-0.32%,上涨期
2016-02-19,6150.0,6250.0,6200.0,-25.75%,-0.48%,上涨期
2016-02-22,6350.0,6450.0,6400.0,-23.35%,3.23%,上涨期
2016-02-23,6280.0,6380.0,6330.0,-24.19%,-1.09%,上涨期
2016-02-24,6300.0,6400.0,6350.0,-23.95%,0.32%,上涨期
2016-02-25,6350.0,6450.0,6400.0,-23.35%,0.79%,上涨期
2016-02-26,6330.0,6430.0,6380.0,-23.82%,-0.31%,上涨期
2016-02-29,6400.0,6500.0,6450.0,-24.12%,1.10%,上涨期
2016-03-01,6440.0,6540.0,6490.0,-23.65%,0.62%,上涨期
2016-03-02,6500.0,6600.0,6550.0,-23.39%,0.92%,上涨期
2016-03-03,6650.0,6750.0,6700.0,-22.54%,2.29%,上涨期
2016-03-04,6850.0,6950.0,6900.0,-19.77%,2.99%,上涨期
2016-03-07,7000.0,7100.0,7050.0,-17.54%,2.17%,上涨期
2016-03-08,6950.0,7050.0,7000.0,-18.13%,-0.71%,上涨期
2016-03-09,6900.0,7000.0,6950.0,-18.24%,-0.71%,上涨期
2016-03-10,7100.0,7200.0,7150.0,-14.88%,2.88%,上涨期
2016-03-11,7000.0,7100.0,7050.0,-14.55%,-1.40%,上涨期
2016-03-14,6900.0,7000.0,6950.0,-16.77%,-1.42%,上涨期
2016-03-15,6850.0,6950.0,6900.0,-17.37%,-0.72%,上涨期
2016-03-16,6900.0,7000.0,6950.0,-16.77%,0.72%,上涨期
2016-03-17,7100.0,7200.0,7150.0,-14.88%,2.88%,上涨期
2016-03-18,7250.0,7350.0,7300.0,-13.10%,2.10%,上涨期
2016-03-21,7300.0,7400.0,7350.0,-12.50%,0.68%,上涨期
2016-03-22,7300.0,7400.0,7350.0,-12.50%,0.00%,上涨期
2016-03-23,7250.0,7350.0,7300.0,-14.62%,-0.68%,上涨期
2016-03-24,7225.0,7325.0,7275.0,-16.38%,-0.34%,上涨期
2016-03-25,7350.0,7450.0,7400.0,-15.43%,1.72%,上涨期
2016-03-28,7350.0,7450.0,7400.0,-15.91%,0.00%,上涨期
2016-03-29,7325.0,7425.0,7375.0,-16.19%,-0.34%,上涨期
2016-03-30,7350.0,7450.0,7400.0,-15.91%,0.34%,上涨期
2016-03-31,7325.0,7425.0,7375.0,-16.19%,-0.34%,上涨期
2016-04-01,7450.0,7550.0,7500.0,-15.25%,1.69%,上涨期
2016-04-05,7475.0,7575.0,7525.0,-16.39%,0.33%,上涨期
2016-04-06,7475.0,7575.0,7525.0,-16.39%,0.00%,上涨期
2016-04-07,7425.0,7525.0,7475.0,-17.40%,-0.66%,上涨期
2016-04-08,7375.0,7475.0,7425.0,-18.85%,-0.67%,上涨期
2016-04-11,7150.0,7250.0,7200.0,-21.31%,-3.03%,上涨期
2016-04-12,7200.0,7300.0,7250.0,-20.77%,0.69%,上涨期
2016-04-13,7250.0,7350.0,7300.0,-20.22%,0.69%,上涨期
2016-04-14,7150.0,7250.0,7200.0,-20.88%,-1.37%,上涨期
2016-04-15,7100.0,7200.0,7150.0,-20.99%,-0.69%,上涨期
2016-04-18,7000.0,7100.0,7050.0,-22.53%,-1.40%,上涨期
2016-04-19,6975.0,7075.0,7025.0,-22.80%,-0.35%,上涨期
2016-04-20,6800.0,6900.0,6850.0,-25.14%,-2.49%,上涨期
2016-04-21,6775.0,6875.0,6825.0,-25.82%,-0.36%,上涨期
2016-04-22,6825.0,6925.0,6875.0,-25.27%,0.73%,上涨期
2016-04-25,6900.0,7000.0,6950.0,-26.06%,1.09%,上涨期
2016-04-26,7000.0,7100.0,7050.0,-25.00%,1.44%,上涨期
2016-04-27,7050.0,7150.0,7100.0,-25.26%,0.71%,上涨期
2016-04-28,7000.0,7100.0,7050.0,-26.94%,-0.70%,上涨期
2016-04-29,6900.0,7000.0,6950.0,-27.98%,-1.42%,上涨期
2016-05-03,6800.0,6900.0,6850.0,-29.38%,-1.44%,上涨期
2016-05-04,6800.0,6900.0,6850.0,-29.38%,0.00%,上涨期
2016-05-05,6800.0,6900.0,6850.0,-29.38%,0.00%,上涨期
2016-05-06,6725.0,6825.0,6775.0,-30.15%,-1.09%,上涨期
2016-05-09,6750.0,6850.0,6800.0,-28.42%,0.37%,上涨期
2016-05-10,6650.0,6750.0,6700.0,-29.47%,-1.47%,上涨期
2016-05-11,6700.0,6800.0,6750.0,-28.57%,0.75%,上涨期
2016-05-12,6750.0,6850.0,6800.0,-27.66%,0.74%,上涨期
2016-05-13,6750.0,6850.0,6800.0,-27.27%,0.00%,上涨期
2016-05-16,6800.0,6900.0,6850.0,-25.14%,0.74%,上涨期
2016-05-17,6775.0,6875.0,6825.0,-25.41%,-0.36%,上涨期
2016-05-18,6800.0,6900.0,6850.0,-24.31%,0.37%,上涨期
2016-05-19,6800.0,6900.0,6850.0,-23.89%,0.00%,上涨期
2016-05-20,6750.0,6850.0,6800.0,-23.60%,-0.73%,上涨期
2016-05-23,6700.0,6800.0,6750.0,-25.82%,-0.74%,上涨期
2016-05-24,6650.0,6750.0,6700.0,-26.37%,-0.74%,上涨期
2016-05-25,6700.0,6800.0,6750.0,-27.03%,0.75%,上涨期
2016-05-26,6775.0,6875.0,6825.0,-26.61%,1.11%,上涨期
2016-05-27,6750.0,6850.0,6800.0,-26.49%,-0.37%,上涨期
2016-05-30,6800.0,6900.0,6850.0,-23.89%,0.74%,上涨期
2016-05-31,6850.0,6950.0,6900.0,-23.33%,0.73%,上涨期
2016-06-01,6900.0,7000.0,6950.0,-22.35%,0.72%,上涨期
2016-06-02,6900.0,7000.0,6950.0,-22.35%,0.00%,上涨期
2016-06-03,6950.0,7050.0,7000.0,-21.79%,0.72%,上涨期
2016-06-06,7000.0,7100.0,7050.0,-20.34%,0.71%,上涨期
2016-06-07,7000.0,7100.0,7050.0,-20.34%,0.00%,上涨期
2016-06-08,7070.0,7170.0,7120.0,-19.55%,0.99%,上涨期
2016-06-12,7075.0,7175.0,7125.0,-21.70%,0.07%,上涨期
2016-06-13,7050.0,7150.0,7100.0,-21.98%,-0.35%,上涨期
2016-06-14,7100.0,7200.0,7150.0,-21.43%,0.70%,上涨期
2016-06-15,7075.0,7175.0,7125.0,-20.83%,-0.35%,上涨期
2016-06-16,7125.0,7225.0,7175.0,-20.28%,0.70%,上涨期
2016-06-17,7100.0,7200.0,7150.0,-20.56%,-0.35%,上涨期
2016-06-20,7200.0,7300.0,7250.0,-17.61%,1.40%,上涨期
2016-06-21,7350.0,7450.0,7400.0,-15.91%,2.07%,上涨期
2016-06-22,7350.0,7450.0,7400.0,-15.91%,0.00%,上涨期
2016-06-23,7350.0,7450.0,7400.0,-15.43%,0.00%,上涨期
2016-06-24,7450.0,7550.0,7500.0,-14.29%,1.35%,上涨期
2016-06-27,7550.0,7650.0,7600.0,-13.14%,1.33%,上涨期
2016-06-28,7750.0,7850.0,7800.0,-10.86%,2.63%,上涨期
2016-06-29,7900.0,8000.0,7950.0,-9.14%,1.92%,上涨期
2016-06-30,8050.0,8150.0,8100.0,-7.43%,1.89%,上涨期
2016-07-01,8000.0,8100.0,8050.0,-8.00%,-0.62%,上涨期
2016-07-04,8250.0,8350.0,8300.0,-4.60%,3.11%,上涨期
2016-07-05,8300.0,8400.0,8350.0,-4.02%,0.60%,上涨期
2016-07-06,8200.0,8300.0,8250.0,-4.07%,-1.20%,上涨期
2016-07-07,8350.0,8450.0,8400.0,-1.18%,1.82%,上涨期
2016-07-08,8100.0,8200.0,8150.0,-1.81%,-2.98%,上涨期
2016-07-11,8100.0,8200.0,8150.0,-2.98%,0.00%,上涨期
2016-07-12,8150.0,8250.0,8200.0,-2.38%,0.61%,上涨期
2016-07-13,8275.0,8375.0,8325.0,-0.89%,1.52%,上涨期
2016-07-14,8125.0,8225.0,8175.0,-2.68%,-1.80%,上涨期
2016-07-15,8150.0,8250.0,8200.0,-1.80%,0.31%,上涨期
2016-07-18,8100.0,8200.0,8150.0,-1.21%,-0.61%,上涨期
2016-07-19,8000.0,8100.0,8050.0,-2.42%,-1.23%,上涨期
2016-07-20,7950.0,8050.0,8000.0,-3.03%,-0.62%,上涨期
2016-07-21,7950.0,8050.0,8000.0,-2.44%,0.00%,上涨期
2016-07-22,8050.0,8150.0,8100.0,-1.22%,1.25%,上涨期
2016-07-25,8025.0,8125.0,8075.0,-1.52%,-0.31%,上涨期
2016-07-26,8000.0,8100.0,8050.0,-1.83%,-0.31%,上涨期
2016-07-27,7975.0,8075.0,8025.0,-0.93%,-0.31%,上涨期
2016-07-28,8000.0,8100.0,8050.0,1.26%,0.31%,上涨期
2016-07-29,8150.0,8250.0,8200.0,2.50%,1.86%,上涨期
2016-08-01,8200.0,8300.0,8250.0,3.13%,0.61%,上涨期
2016-08-02,8200.0,8300.0,8250.0,3.13%,0.00%,上涨期
2016-08-03,8150.0,8250.0,8200.0,3.14%,-0.61%,上涨期
2016-08-04,8150.0,8250.0,8200.0,5.13%,0.00%,上涨期
2016-08-05,8200.0,8300.0,8250.0,4.43%,0.61%,上涨期
2016-08-08,8200.0,8300.0,8250.0,1.85%,0.00%,上涨期
2016-08-09,8300.0,8400.0,8350.0,3.09%,1.21%,上涨期
2016-08-10,8300.0,8400.0,8350.0,2.45%,0.00%,上涨期
2016-08-11,8200.0,8300.0,8250.0,-1.79%,-1.20%,上涨期
2016-08-12,8150.0,8250.0,8200.0,-1.80%,-0.61%,上涨期
2016-08-15,8150.0,8250.0,8200.0,-2.38%,0.00%,上涨期
2016-08-16,8200.0,8300.0,8250.0,-1.79%,0.61%,上涨期
2016-08-17,8200.0,8300.0,8250.0,-1.20%,0.00%,上涨期
2016-08-18,8225.0,8325.0,8275.0,-0.30%,0.30%,上涨期
2016-08-19,8225.0,8325.0,8275.0,-0.30%,0.00%,上涨期
2016-08-22,8250.0,8350.0,8300.0,0.61%,0.30%,上涨期
2016-08-23,8250.0,8350.0,8300.0,0.61%,0.00%,上涨期
2016-08-24,8250.0,8350.0,8300.0,1.22%,0.00%,上涨期
2016-08-25,8250.0,8350.0,8300.0,3.11%,0.00%,上涨期
2016-08-26,8250.0,8350.0,8300.0,3.11%,0.00%,上涨期
2016-08-29,8250.0,8350.0,8300.0,2.47%,0.00%,上涨期
2016-08-30,8200.0,8300.0,8250.0,1.85%,-0.60%,上涨期
2016-08-31,8200.0,8300.0,8250.0,1.23%,0.00%,上涨期
2016-09-01,8130.0,8230.0,8180.0,-0.85%,-0.85%,上涨期
2016-09-02,8130.0,8230.0,8180.0,-0.85%,0.00%,上涨期
2016-09-05,8050.0,8150.0,8100.0,-1.82%,-0.98%,上涨期
2016-09-06,8050.0,8150.0,8100.0,-1.82%,0.00%,上涨期
2016-09-07,8080.0,8180.0,8130.0,-0.85%,0.37%,上涨期
2016-09-08,8080.0,8180.0,8130.0,-0.85%,0.00%,上涨期
2016-09-09,8030.0,8130.0,8080.0,-0.86%,-0.62%,上涨期
2016-09-12,7900.0,8000.0,7950.0,-0.63%,-1.61%,上涨期
2016-09-13,7900.0,8000.0,7950.0,-0.63%,0.00%,上涨期
2016-09-14,7850.0,7950.0,7900.0,-1.25%,-0.63%,上涨期
2016-09-18,7850.0,7950.0,7900.0,1.28%,0.00%,上涨期
2016-09-19,7750.0,7850.0,7800.0,0.00%,-1.27%,上涨期
2016-09-20,7700.0,7800.0,7750.0,-0.64%,-0.64%,上涨期
2016-09-21,7730.0,7830.0,7780.0,-0.26%,0.39%,上涨期
2016-09-22,7800.0,7900.0,7850.0,0.64%,0.90%,上涨期
2016-09-23,7800.0,7900.0,7850.0,0.64%,0.00%,上涨期
2016-09-26,7750.0,7850.0,7800.0,0.65%,-0.64%,上涨期
2016-09-27,7800.0,7900.0,7850.0,1.29%,0.64%,上涨期
2016-09-28,7800.0,7900.0,7850.0,1.95%,0.00%,上涨期
2016-09-29,7850.0,7950.0,7900.0,3.27%,0.64%,上涨期
2016-09-30,7850.0,7950.0,7900.0,5.33%,0.00%,上涨期
2016-10-08,7950.0,8050.0,8000.0,6.67%,1.27%,上涨期
2016-10-09,8000.0,8100.0,8050.0,5.23%,0.63%,上涨期
2016-10-10,8050.0,8150.0,8100.0,5.54%,0.62%,上涨期
2016-10-11,8200.0,8300.0,8250.0,7.49%,1.85%,上涨期
2016-10-12,8250.0,8350.0,8300.0,7.79%,0.61%,上涨期
2016-10-13,8150.0,8250.0,8200.0,7.19%,-1.20%,上涨期
2016-10-14,8100.0,8200.0,8150.0,7.95%,-0.61%,上涨期
2016-10-17,8050.0,8150.0,8100.0,11.72%,-0.61%,上涨期
2016-10-18,8150.0,8250.0,8200.0,13.10%,1.23%,上涨期
2016-10-19,8200.0,8300.0,8250.0,13.79%,0.61%,上涨期
2016-10-20,8230.0,8330.0,8280.0,14.21%,0.36%,上涨期
2016-10-21,8250.0,8350.0,8300.0,14.48%,0.24%,上涨期
2016-10-24,8300.0,8400.0,8350.0,16.78%,0.60%,上涨期
2016-10-25,8450.0,8550.0,8500.0,18.88%,1.80%,上涨期
2016-10-26,8400.0,8500.0,8450.0,19.01%,-0.59%,上涨期
2016-10-27,8400.0,8500.0,8450.0,19.86%,0.00%,上涨期
2016-10-28,8425.0,8525.0,8475.0,21.07%,0.30%,上涨期
2016-10-31,8630.0,8730.0,8680.0,23.12%,2.42%,上涨期
2016-11-01,8700.0,8800.0,8750.0,24.11%,0.81%,上涨期
2016-11-02,8700.0,8800.0,8750.0,25.00%,0.00%,上涨期
2016-11-03,8650.0,8750.0,8700.0,24.29%,-0.57%,上涨期
2016-11-04,8650.0,8750.0,8700.0,25.18%,0.00%,上涨期
2016-11-07,8600.0,8700.0,8650.0,26.28%,-0.57%,上涨期
2016-11-08,8600.0,8700.0,8650.0,26.28%,0.00%,上涨期
2016-11-09,8700.0,8800.0,8750.0,28.68%,1.16%,上涨期
2016-11-10,8800.0,8900.0,8850.0,31.70%,1.14%,上涨期
2016-11-11,8750.0,8850.0,8800.0,32.33%,-0.56%,上涨期
2016-11-14,8750.0,8850.0,8800.0,31.34%,0.00%,上涨期
2016-11-15,8800.0,8900.0,8850.0,32.09%,0.57%,上涨期
2016-11-16,8750.0,8850.0,8800.0,34.35%,-0.56%,上涨期
2016-11-17,8750.0,8850.0,8800.0,36.43%,0.00%,上涨期
2016-11-18,8600.0,8700.0,8650.0,33.08%,-1.70%,上涨期
2016-11-21,8650.0,8750.0,8700.0,37.01%,0.58%,上涨期
2016-11-22,8700.0,8800.0,8750.0,37.80%,0.57%,上涨期
2016-11-23,8650.0,8750.0,8700.0,38.10%,-0.57%,上涨期
2016-11-24,8700.0,8800.0,8750.0,38.89%,0.57%,上涨期
2016-11-25,8650.0,8750.0,8700.0,35.94%,-0.57%,上涨期
2016-11-28,8650.0,8750.0,8700.0,32.82%,0.00%,上涨期
2016-11-29,8600.0,8700.0,8650.0,32.06%,-0.57%,上涨期
2016-11-30,8550.0,8650.0,8600.0,31.30%,-0.58%,上涨期
2016-12-01,8500.0,8600.0,8550.0,28.57%,-0.58%,上涨期
2016-12-02,8600.0,8700.0,8650.0,29.10%,1.17%,上涨期
2016-12-05,8650.0,8750.0,8700.0,31.82%,0.58%,上涨期
2016-12-06,8800.0,8900.0,8850.0,34.09%,1.72%,上涨期
2016-12-07,9100.0,9200.0,9150.0,39.69%,3.39%,上涨期
2016-12-08,9100.0,9200.0,9150.0,41.86%,0.00%,上涨期
2016-12-09,9150.0,9250.0,9200.0,44.88%,0.55%,平稳期
2016-12-12,9550.0,9650.0,9600.0,53.60%,4.35%,平稳期
2016-12-13,9550.0,9650.0,9600.0,53.60%,0.00%,平稳期
2016-12-14,9600.0,9700.0,9650.0,54.40%,0.52%,平稳期
2016-12-15,9700.0,9800.0,9750.0,57.26%,1.04%,平稳期
2016-12-16,9650.0,9750.0,9700.0,57.72%,-0.51%,平稳期
2016-12-19,9550.0,9650.0,9600.0,54.84%,-1.03%,平稳期
2016-12-20,9450.0,9550.0,9500.0,53.23%,-1.04%,平稳期
2016-12-21,9350.0,9450.0,9400.0,51.61%,-1.05%,平稳期
2016-12-22,9350.0,9450.0,9400.0,49.21%,0.00%,平稳期
2016-12-23,9200.0,9300.0,9250.0,46.83%,-1.60%,上涨期
2016-12-26,9050.0,9150.0,9100.0,41.09%,-1.62%,上涨期
2016-12-27,9075.0,9175.0,9125.0,41.47%,0.27%,上涨期
2016-12-28,9300.0,9400.0,9350.0,44.96%,2.47%,上涨期
2016-12-29,9150.0,9250.0,9200.0,43.75%,-1.60%,上涨期
2016-12-30,9050.0,9150.0,9100.0,42.19%,-1.09%,上涨期
2017-01-03,9000.0,9100.0,9050.0,40.31%,-0.55%,上涨期
2017-01-04,8800.0,8900.0,8850.0,37.21%,-2.21%,上涨期
2017-01-05,8750.0,8850.0,8800.0,36.43%,-0.56%,平稳期
2017-01-06,8800.0,8900.0,8850.0,38.28%,0.57%,平稳期
2017-01-09,8700.0,8800.0,8750.0,42.28%,-1.13%,平稳期
2017-01-10,8750.0,8850.0,8800.0,43.09%,0.57%,平稳期
2017-01-11,8750.0,8850.0,8800.0,45.45%,0.00%,平稳期
2017-01-12,8750.0,8850.0,8800.0,45.45%,0.00%,平稳期
2017-01-13,8800.0,8900.0,8850.0,46.28%,0.57%,平稳期
2017-01-16,9000.0,9100.0,9050.0,48.36%,2.26%,平稳期
2017-01-17,9050.0,9150.0,9100.0,49.18%,0.55%,平稳期
2017-01-18,9000.0,9100.0,9050.0,47.15%,-0.55%,平稳期
2017-01-19,9000.0,9100.0,9050.0,45.97%,0.00%,平稳期
2017-01-20,8850.0,8950.0,8900.0,42.40%,-1.66%,平稳期
2017-01-22,8900.0,9000.0,8950.0,42.06%,0.56%,平稳期
2017-01-23,8950.0,9050.0,9000.0,42.86%,0.56%,平稳期
2017-02-03,9200.0,9300.0,9250.0,45.67%,2.78%,下跌期
2017-02-04,9150.0,9250.0,9200.0,44.88%,-0.54%,下跌期
2017-02-06,9050.0,9150.0,9100.0,43.31%,-1.09%,下跌期
2017-02-07,9050.0,9150.0,9100.0,43.31%,0.00%,下跌期
2017-02-08,9000.0,9100.0,9050.0,42.52%,-0.55%,下跌期
2017-02-09,8950.0,9050.0,9000.0,41.73%,-0.55%,下跌期
2017-02-10,8950.0,9050.0,9000.0,41.73%,0.00%,下跌期
2017-02-13,9100.0,9200.0,9150.0,44.09%,1.67%,下跌期
2017-02-14,9100.0,9200.0,9150.0,44.09%,0.00%,下跌期
2017-02-15,9100.0,9200.0,9150.0,44.09%,0.00%,下跌期
2017-02-16,8950.0,9050.0,9000.0,42.41%,-1.64%,下跌期
2017-02-17,8900.0,9000.0,8950.0,43.20%,-0.56%,下跌期
2017-02-20,8850.0,8950.0,8900.0,43.55%,-0.56%,下跌期
2017-02-21,8750.0,8850.0,8800.0,41.94%,-1.12%,下跌期
2017-02-22,8700.0,8800.0,8750.0,36.72%,-0.57%,下跌期
2017-02-23,8600.0,8700.0,8650.0,36.65%,-1.14%,下跌期
2017-02-24,8550.0,8650.0,8600.0,35.43%,-0.58%,下跌期
2017-02-27,8600.0,8700.0,8650.0,35.58%,0.58%,下跌期
2017-02-28,8550.0,8650.0,8600.0,34.80%,-0.58%,下跌期
2017-03-01,8500.0,8600.0,8550.0,31.74%,-0.58%,下跌期
2017-03-02,8450.0,8550.0,8500.0,29.77%,-0.58%,下跌期
2017-03-03,8470.0,8570.0,8520.0,27.16%,0.24%,下跌期
2017-03-06,8550.0,8650.0,8600.0,24.64%,0.94%,下跌期
2017-03-07,8550.0,8650.0,8600.0,21.99%,0.00%,下跌期
2017-03-08,8300.0,8400.0,8350.0,19.29%,-2.91%,下跌期
2017-03-09,8200.0,8300.0,8250.0,18.71%,-1.20%,下跌期
2017-03-10,8150.0,8250.0,8200.0,14.69%,-0.61%,下跌期
2017-03-13,8000.0,8100.0,8050.0,14.18%,-1.83%,下跌期
2017-03-14,8150.0,8250.0,8200.0,17.99%,1.86%,下跌期
2017-03-15,8150.0,8250.0,8200.0,18.84%,0.00%,下跌期
2017-03-16,8200.0,8300.0,8250.0,18.71%,0.61%,下跌期
2017-03-17,8300.0,8400.0,8350.0,16.78%,1.21%,下跌期
2017-03-20,8200.0,8300.0,8250.0,13.01%,-1.20%,下跌期
2017-03-21,8150.0,8250.0,8200.0,11.56%,-0.61%,下跌期
2017-03-22,8050.0,8150.0,8100.0,10.20%,-1.22%,下跌期
2017-03-23,8100.0,8200.0,8150.0,11.64%,0.62%,下跌期
2017-03-24,8100.0,8200.0,8150.0,12.03%,0.00%,下跌期
2017-03-27,7950.0,8050.0,8000.0,8.11%,-1.84%,下跌期
2017-03-28,7950.0,8050.0,8000.0,8.11%,0.00%,下跌期
2017-03-29,8050.0,8150.0,8100.0,9.83%,1.25%,下跌期
2017-03-30,8100.0,8200.0,8150.0,10.14%,0.62%,下跌期
2017-03-31,8200.0,8300.0,8250.0,11.86%,1.23%,下跌期
2017-04-01,8050.0,8150.0,8100.0,8.00%,-1.82%,下跌期
2017-04-05,8100.0,8200.0,8150.0,8.31%,0.62%,下跌期
2017-04-06,8200.0,8300.0,8250.0,9.63%,1.23%,下跌期
2017-04-07,8150.0,8250.0,8200.0,9.70%,-0.61%,下跌期
2017-04-10,8150.0,8250.0,8200.0,10.44%,0.00%,下跌期
2017-04-11,8100.0,8200.0,8150.0,13.19%,-0.61%,下跌期
2017-04-12,8100.0,8200.0,8150.0,12.41%,0.00%,下跌期
2017-04-13,8050.0,8150.0,8100.0,10.96%,-0.61%,下跌期
2017-04-14,8050.0,8150.0,8100.0,12.50%,0.00%,下跌期
2017-04-17,8000.0,8100.0,8050.0,12.59%,-0.62%,下跌期
2017-04-18,7950.0,8050.0,8000.0,13.48%,-0.62%,下跌期
2017-04-19,7850.0,7950.0,7900.0,12.46%,-1.25%,下跌期
2017-04-20,7850.0,7950.0,7900.0,15.33%,0.00%,下跌期
2017-04-21,7800.0,7900.0,7850.0,15.02%,-0.63%,下跌期
2017-04-24,7800.0,7900.0,7850.0,14.18%,0.00%,下跌期
2017-04-25,7775.0,7875.0,7825.0,12.59%,-0.32%,下跌期
2017-04-26,7770.0,7870.0,7820.0,10.92%,-0.06%,下跌期
2017-04-27,7800.0,7900.0,7850.0,10.56%,0.38%,下跌期
2017-04-28,7900.0,8000.0,7950.0,12.77%,1.27%,下跌期
2017-05-02,7900.0,8000.0,7950.0,14.39%,0.00%,下跌期
2017-05-03,7850.0,7950.0,7900.0,15.33%,-0.63%,下跌期
2017-05-04,7750.0,7850.0,7800.0,13.87%,-1.27%,下跌期
2017-05-05,7650.0,7750.0,7700.0,12.41%,-1.28%,下跌期
2017-05-08,7650.0,7750.0,7700.0,13.65%,0.00%,下跌期
2017-05-09,7600.0,7700.0,7650.0,12.50%,-0.65%,下跌期
2017-05-10,7550.0,7650.0,7600.0,13.43%,-0.65%,下跌期
2017-05-11,7500.0,7600.0,7550.0,11.85%,-0.66%,下跌期
2017-05-12,7550.0,7650.0,7600.0,11.76%,0.66%,下跌期
2017-05-15,7550.0,7650.0,7600.0,11.76%,0.00%,下跌期
2017-05-16,7550.0,7650.0,7600.0,10.95%,0.00%,下跌期
2017-05-17,7700.0,7800.0,7750.0,13.55%,1.97%,下跌期
2017-05-18,7650.0,7750.0,7700.0,12.41%,-0.65%,下跌期
2017-05-19,7900.0,8000.0,7950.0,16.06%,3.25%,下跌期
2017-05-22,8000.0,8100.0,8050.0,18.38%,1.26%,下跌期
2017-05-23,8050.0,8150.0,8100.0,20.00%,0.62%,下跌期
2017-05-24,8050.0,8150.0,8100.0,20.90%,0.00%,下跌期
2017-05-25,8050.0,8150.0,8100.0,20.00%,0.00%,下跌期
2017-05-26,7950.0,8050.0,8000.0,17.22%,-1.23%,下跌期
2017-05-27,7950.0,8050.0,8000.0,17.65%,0.00%,平稳期
2017-05-31,7950.0,8050.0,8000.0,15.94%,0.00%,平稳期
2017-06-01,7850.0,7950.0,7900.0,13.67%,-1.25%,平稳期
2017-06-02,7800.0,7900.0,7850.0,12.95%,-0.63%,平稳期
2017-06-05,7700.0,7800.0,7750.0,10.71%,-1.27%,平稳期
2017-06-06,7650.0,7750.0,7700.0,9.22%,-0.65%,平稳期
2017-06-07,7700.0,7800.0,7750.0,9.93%,0.65%,平稳期
2017-06-08,7650.0,7750.0,7700.0,8.15%,-0.65%,平稳期
2017-06-09,7700.0,7800.0,7750.0,8.85%,0.65%,平稳期
2017-06-12,7800.0,7900.0,7850.0,10.18%,1.29%,上涨期
2017-06-13,7850.0,7950.0,7900.0,11.27%,0.64%,上涨期
2017-06-14,7700.0,7800.0,7750.0,8.39%,-1.90%,上涨期
2017-06-15,7700.0,7800.0,7750.0,8.77%,0.00%,上涨期
2017-06-16,7700.0,7800.0,7750.0,8.01%,0.00%,上涨期
2017-06-19,7750.0,7850.0,7800.0,9.09%,0.65%,上涨期
2017-06-20,7700.0,7800.0,7750.0,6.90%,-0.64%,上涨期
2017-06-21,7650.0,7750.0,7700.0,4.05%,-0.65%,上涨期
2017-06-22,7600.0,7700.0,7650.0,3.38%,-0.65%,上涨期
2017-06-23,7650.0,7750.0,7700.0,4.05%,0.65%,上涨期
2017-06-26,7700.0,7800.0,7750.0,3.33%,0.65%,上涨期
2017-06-27,7700.0,7800.0,7750.0,1.97%,0.00%,上涨期
2017-06-28,7700.0,7800.0,7750.0,-0.64%,0.00%,上涨期
2017-06-29,7750.0,7850.0,7800.0,-1.89%,0.65%,上涨期
2017-06-30,7800.0,7900.0,7850.0,-3.09%,0.64%,上涨期
2017-07-03,7850.0,7950.0,7900.0,-1.86%,0.64%,上涨期
2017-07-04,7800.0,7900.0,7850.0,-5.42%,-0.63%,上涨期
2017-07-05,7850.0,7950.0,7900.0,-5.39%,0.64%,上涨期
2017-07-06,7850.0,7950.0,7900.0,-4.24%,0.00%,上涨期
2017-07-07,7900.0,8000.0,7950.0,-5.36%,0.63%,上涨期
2017-07-10,7950.0,8050.0,8000.0,-1.84%,0.63%,上涨期
2017-07-11,7950.0,8050.0,8000.0,-1.84%,0.00%,上涨期
2017-07-12,8050.0,8150.0,8100.0,-1.22%,1.25%,上涨期
2017-07-13,7950.0,8050.0,8000.0,-3.90%,-1.23%,上涨期
2017-07-14,8000.0,8100.0,8050.0,-1.53%,0.63%,上涨期
2017-07-17,8050.0,8150.0,8100.0,-1.22%,0.62%,上涨期
2017-07-18,8050.0,8150.0,8100.0,-0.61%,0.00%,上涨期
2017-07-19,8100.0,8200.0,8150.0,1.24%,0.62%,上涨期
2017-07-20,8200.0,8300.0,8250.0,3.13%,1.23%,上涨期
2017-07-21,8300.0,8400.0,8350.0,4.38%,1.21%,上涨期
2017-07-24,8350.0,8450.0,8400.0,3.70%,0.60%,上涨期
2017-07-25,8350.0,8450.0,8400.0,4.02%,0.00%,上涨期
2017-07-26,8370.0,8470.0,8420.0,4.60%,0.24%,上涨期
2017-07-27,8300.0,8400.0,8350.0,4.05%,-0.83%,上涨期
2017-07-28,8150.0,8250.0,8200.0,1.86%,-1.80%,上涨期
2017-07-31,8100.0,8200.0,8150.0,-0.61%,-0.61%,上涨期
2017-08-01,8250.0,8350.0,8300.0,0.61%,1.84%,上涨期
2017-08-02,8250.0,8350.0,8300.0,0.61%,0.00%,上涨期
2017-08-03,8250.0,8350.0,8300.0,1.22%,0.00%,上涨期
2017-08-04,8350.0,8450.0,8400.0,2.44%,1.20%,上涨期
2017-08-07,8250.0,8350.0,8300.0,0.61%,-1.19%,上涨期
2017-08-08,8300.0,8400.0,8350.0,1.21%,0.60%,上涨期
2017-08-09,8420.0,8520.0,8470.0,1.44%,1.44%,上涨期
2017-08-10,8450.0,8550.0,8500.0,1.80%,0.35%,上涨期
2017-08-11,8450.0,8550.0,8500.0,3.03%,0.00%,上涨期
2017-08-14,8350.0,8450.0,8400.0,2.44%,-1.18%,上涨期
2017-08-15,8300.0,8400.0,8350.0,1.83%,-0.60%,上涨期
2017-08-16,8300.0,8400.0,8350.0,1.21%,0.00%,上涨期
2017-08-17,8450.0,8550.0,8500.0,3.03%,1.80%,上涨期
2017-08-18,8500.0,8600.0,8550.0,3.32%,0.59%,上涨期
2017-08-21,8650.0,8750.0,8700.0,5.14%,1.75%,上涨期
2017-08-22,8600.0,8700.0,8650.0,4.22%,-0.57%,上涨期
2017-08-23,8750.0,8850.0,8800.0,6.02%,1.73%,上涨期
2017-08-24,8800.0,8900.0,8850.0,6.63%,0.57%,上涨期
2017-08-25,8850.0,8950.0,8900.0,7.23%,0.56%,上涨期
2017-08-28,8800.0,8900.0,8850.0,6.63%,-0.56%,上涨期
2017-08-29,8900.0,9000.0,8950.0,7.83%,1.13%,上涨期
2017-08-30,8950.0,9050.0,9000.0,9.09%,0.56%,上涨期
2017-08-31,9000.0,9100.0,9050.0,9.70%,0.56%,上涨期
2017-09-01,9050.0,9150.0,9100.0,11.25%,0.55%,上涨期
2017-09-04,9450.0,9550.0,9500.0,16.14%,4.40%,上涨期
2017-09-05,9400.0,9500.0,9450.0,16.67%,-0.53%,上涨期
2017-09-06,9350.0,9450.0,9400.0,16.05%,-0.53%,上涨期
2017-09-07,9250.0,9350.0,9300.0,14.39%,-1.06%,上涨期
2017-09-08,9100.0,9200.0,9150.0,12.55%,-1.61%,上涨期
2017-09-11,9050.0,9150.0,9100.0,12.62%,-0.55%,上涨期
2017-09-12,9100.0,9200.0,9150.0,15.09%,0.55%,上涨期
2017-09-13,9050.0,9150.0,9100.0,14.47%,-0.55%,上涨期
2017-09-14,8950.0,9050.0,9000.0,13.92%,-1.10%,上涨期
2017-09-15,8850.0,8950.0,8900.0,12.66%,-1.11%,上涨期
2017-09-18,8750.0,8850.0,8800.0,11.39%,-1.12%,上涨期
2017-09-19,8750.0,8850.0,8800.0,12.82%,0.00%,上涨期
2017-09-20,8750.0,8850.0,8800.0,13.55%,0.00%,上涨期
2017-09-21,8700.0,8800.0,8750.0,12.47%,-0.57%,上涨期
2017-09-22,8650.0,8750.0,8700.0,10.83%,-0.57%,上涨期
2017-09-25,8600.0,8700.0,8650.0,10.19%,-0.57%,上涨期
2017-09-26,8750.0,8850.0,8800.0,12.82%,1.73%,上涨期
2017-09-27,8800.0,8900.0,8850.0,12.74%,0.57%,上涨期
2017-09-28,8550.0,8650.0,8600.0,9.55%,-2.82%,上涨期
2017-09-29,8750.0,8850.0,8800.0,11.39%,2.33%,上涨期
2017-09-30,8750.0,8850.0,8800.0,11.39%,0.00%,上涨期
2017-10-10,8800.0,8900.0,8850.0,9.26%,0.57%,上涨期
2017-10-11,8750.0,8850.0,8800.0,6.67%,-0.56%,上涨期
2017-10-12,8650.0,8750.0,8700.0,4.82%,-1.14%,上涨期
2017-10-13,8750.0,8850.0,8800.0,7.32%,1.15%,上涨期
2017-10-16,8900.0,9000.0,8950.0,9.82%,1.70%,上涨期
2017-10-17,8950.0,9050.0,9000.0,11.11%,0.56%,上涨期
2017-10-18,9000.0,9100.0,9050.0,10.37%,0.56%,上涨期
2017-10-19,8850.0,8950.0,8900.0,7.88%,-1.66%,上涨期
2017-10-20,8900.0,9000.0,8950.0,8.09%,0.56%,上涨期
2017-10-23,9000.0,9100.0,9050.0,9.04%,1.12%,上涨期
2017-10-24,9050.0,9150.0,9100.0,8.98%,0.55%,上涨期
2017-10-25,9000.0,9100.0,9050.0,6.47%,-0.55%,上涨期
2017-10-26,8950.0,9050.0,9000.0,6.51%,-0.55%,上涨期
2017-10-27,8950.0,9050.0,9000.0,6.51%,0.00%,上涨期
2017-10-30,8900.0,9000.0,8950.0,5.60%,-0.56%,上涨期
2017-10-31,8900.0,9000.0,8950.0,3.11%,0.00%,上涨期
2017-11-01,8850.0,8950.0,8900.0,1.71%,-0.56%,上涨期
2017-11-02,8800.0,8900.0,8850.0,1.14%,-0.56%,上涨期
2017-11-03,8850.0,8950.0,8900.0,2.30%,0.56%,上涨期
2017-11-06,8900.0,9000.0,8950.0,2.87%,0.56%,上涨期
2017-11-07,9000.0,9100.0,9050.0,4.62%,1.12%,上涨期
2017-11-08,9050.0,9150.0,9100.0,5.20%,0.55%,上涨期
2017-11-09,9150.0,9250.0,9200.0,5.14%,1.10%,上涨期
2017-11-10,9000.0,9100.0,9050.0,2.26%,-1.63%,上涨期
2017-11-13,9000.0,9100.0,9050.0,2.84%,0.00%,上涨期
2017-11-14,9000.0,9100.0,9050.0,2.84%,0.00%,上涨期
2017-11-15,8850.0,8950.0,8900.0,0.56%,-1.66%,上涨期
2017-11-16,8800.0,8900.0,8850.0,0.57%,-0.56%,上涨期
2017-11-17,8750.0,8850.0,8800.0,0.00%,-0.56%,上涨期
2017-11-20,8900.0,9000.0,8950.0,3.47%,1.70%,上涨期
2017-11-21,9050.0,9150.0,9100.0,4.60%,1.68%,上涨期
2017-11-22,9100.0,9200.0,9150.0,4.57%,0.55%,上涨期
2017-11-23,9100.0,9200.0,9150.0,5.17%,0.00%,上涨期
2017-11-24,9100.0,9200.0,9150.0,4.57%,0.00%,上涨期
2017-11-27,9100.0,9200.0,9150.0,5.17%,0.00%,上涨期
2017-11-28,8950.0,9050.0,9000.0,3.45%,-1.64%,上涨期
2017-11-29,8975.0,9075.0,9025.0,4.34%,0.28%,上涨期
2017-11-30,8950.0,9050.0,9000.0,4.65%,-0.28%,上涨期
2017-12-01,9050.0,9150.0,9100.0,6.43%,1.11%,平稳期
2017-12-04,9100.0,9200.0,9150.0,5.78%,0.55%,平稳期
2017-12-05,9150.0,9250.0,9200.0,5.75%,0.55%,平稳期
2017-12-06,9100.0,9200.0,9150.0,3.39%,-0.54%,平稳期
2017-12-07,9000.0,9100.0,9050.0,-1.09%,-1.09%,平稳期
2017-12-08,9050.0,9150.0,9100.0,-0.55%,0.55%,平稳期
2017-12-11,9100.0,9200.0,9150.0,-0.54%,0.55%,平稳期
2017-12-12,9100.0,9200.0,9150.0,-4.69%,0.00%,平稳期
2017-12-13,9050.0,9150.0,9100.0,-5.21%,-0.55%,平稳期
2017-12-14,9100.0,9200.0,9150.0,-5.18%,0.55%,平稳期
2017-12-15,9050.0,9150.0,9100.0,-6.67%,-0.55%,下跌期
2017-12-18,9050.0,9100.0,9075.0,-6.44%,-0.27%,下跌期
2017-12-19,9070.0,9200.0,9135.0,-4.84%,0.66%,平稳期
2017-12-20,9100.0,9250.0,9175.0,-3.42%,0.44%,平稳期
2017-12-21,9100.0,9250.0,9175.0,-2.39%,0.00%,平稳期
2017-12-22,9050.0,9200.0,9125.0,-2.93%,-0.54%,平稳期
2017-12-25,9100.0,9250.0,9175.0,-0.81%,0.55%,平稳期
2017-12-26,9100.0,9300.0,9200.0,1.10%,0.27%,平稳期
2017-12-27,9100.0,9250.0,9175.0,0.55%,-0.27%,平稳期
2017-12-28,9100.0,9200.0,9150.0,-2.14%,-0.27%,平稳期
2017-12-29,9150.0,9250.0,9200.0,0.00%,0.55%,平稳期
2018-01-02,9300.0,9400.0,9350.0,2.75%,1.63%,平稳期
2018-01-03,9300.0,9400.0,9350.0,3.31%,0.00%,平稳期
2018-01-04,9300.0,9400.0,9350.0,5.65%,0.00%,平稳期
2018-01-05,9300.0,9400.0,9350.0,6.25%,0.00%,平稳期
2018-01-08,9350.0,9400.0,9375.0,5.93%,0.27%,平稳期
2018-01-09,9350.0,9500.0,9425.0,7.71%,0.53%,平稳期
2018-01-10,9400.0,9550.0,9475.0,7.67%,0.53%,平稳期
2018-01-11,9450.0,9600.0,9525.0,8.24%,0.53%,平稳期
2018-01-12,9450.0,9650.0,9550.0,8.52%,0.26%,平稳期
2018-01-15,9500.0,9700.0,9600.0,8.47%,0.52%,平稳期
2018-01-16,9400.0,9650.0,9525.0,5.25%,-0.78%,平稳期
2018-01-17,9350.0,9550.0,9450.0,3.85%,-0.79%,平稳期
2018-01-18,9350.0,9500.0,9425.0,4.14%,-0.26%,平稳期
2018-01-19,9350.0,9500.0,9425.0,4.14%,0.00%,平稳期
2018-01-22,9400.0,9550.0,9475.0,5.87%,0.53%,平稳期
2018-01-23,9400.0,9550.0,9475.0,5.28%,0.00%,平稳期
2018-01-24,9400.0,9550.0,9475.0,5.28%,0.00%,平稳期
2018-01-25,9450.0,9600.0,9525.0,5.83%,0.53%,平稳期
2018-01-26,9450.0,9550.0,9500.0,5.56%,-0.26%,平稳期
2018-01-29,9450.0,9600.0,9525.0,5.83%,0.26%,平稳期
2018-01-30,9400.0,9550.0,9475.0,5.28%,-0.52%,平稳期
2018-01-31,9400.0,9550.0,9475.0,5.28%,0.00%,平稳期
2018-02-01,9350.0,9500.0,9425.0,4.72%,-0.53%,平稳期
2018-02-02,9350.0,9500.0,9425.0,4.72%,0.00%,平稳期
2018-02-05,9300.0,9400.0,9350.0,1.63%,-0.80%,平稳期
2018-02-06,9300.0,9350.0,9325.0,2.47%,-0.27%,平稳期
2018-02-07,9250.0,9350.0,9300.0,2.20%,-0.27%,平稳期
2018-02-08,9150.0,9250.0,9200.0,1.66%,-1.08%,平稳期
2018-02-09,9150.0,9250.0,9200.0,2.22%,0.00%,平稳期
2018-02-11,9150.0,9250.0,9200.0,2.22%,0.00%,平稳期
2018-02-12,9150.0,9250.0,9200.0,2.22%,0.00%,平稳期
2018-02-13,9150.0,9250.0,9200.0,0.55%,0.00%,平稳期
2018-02-14,9150.0,9250.0,9200.0,0.55%,0.00%,平稳期
2018-02-22,9100.0,9250.0,9175.0,4.86%,-0.27%,平稳期
2018-02-23,9050.0,9200.0,9125.0,5.49%,-0.54%,上涨期
2018-02-24,9100.0,9150.0,9125.0,6.10%,0.00%,上涨期
2018-02-26,9050.0,9150.0,9100.0,5.81%,-0.27%,上涨期
2018-02-27,9050.0,9150.0,9100.0,5.20%,0.00%,上涨期
2018-02-28,9000.0,9100.0,9050.0,5.23%,-0.55%,上涨期
2018-03-01,9000.0,9100.0,9050.0,5.85%,0.00%,上涨期
2018-03-02,9050.0,9250.0,9150.0,7.65%,1.10%,上涨期
2018-03-05,9000.0,9200.0,9100.0,6.81%,-0.55%,上涨期
2018-03-06,9000.0,9200.0,9100.0,5.81%,0.00%,上涨期
2018-03-07,8950.0,9150.0,9050.0,5.23%,-0.55%,上涨期
2018-03-08,8900.0,9050.0,8975.0,7.49%,-0.83%,上涨期
2018-03-09,8900.0,9050.0,8975.0,8.79%,0.00%,上涨期
2018-03-12,8750.0,8900.0,8825.0,7.62%,-1.67%,上涨期
2018-03-13,8750.0,8900.0,8825.0,9.63%,0.00%,上涨期
2018-03-14,8750.0,8900.0,8825.0,7.62%,0.00%,上涨期
2018-03-15,8750.0,8900.0,8825.0,7.62%,0.00%,上涨期
2018-03-16,8750.0,8900.0,8825.0,6.97%,0.00%,上涨期
2018-03-19,8600.0,8700.0,8650.0,3.59%,-1.98%,上涨期
2018-03-20,8500.0,8700.0,8600.0,4.24%,-0.58%,上涨期
2018-03-21,8550.0,8800.0,8675.0,5.79%,0.87%,上涨期
2018-03-22,8630.0,8800.0,8715.0,7.59%,0.46%,上涨期
2018-03-23,8450.0,8700.0,8575.0,5.21%,-1.61%,上涨期
2018-03-26,8430.0,8650.0,8540.0,4.79%,-0.41%,平稳期
2018-03-27,8430.0,8600.0,8515.0,6.44%,-0.29%,平稳期
2018-03-28,8450.0,8700.0,8575.0,7.19%,0.70%,平稳期
2018-03-29,8500.0,8700.0,8600.0,6.17%,0.29%,平稳期
2018-03-30,8600.0,8750.0,8675.0,6.44%,0.87%,平稳期
2018-04-02,8650.0,8750.0,8700.0,7.41%,0.29%,平稳期
2018-04-03,8650.0,8750.0,8700.0,7.41%,0.00%,平稳期
2018-04-04,8700.0,8850.0,8775.0,8.33%,0.86%,平稳期
2018-04-08,8700.0,8850.0,8775.0,7.01%,0.00%,平稳期
2018-04-09,8800.0,9000.0,8900.0,8.54%,1.42%,下跌期
2018-04-10,8850.0,9000.0,8925.0,8.84%,0.28%,下跌期
2018-04-11,8900.0,9050.0,8975.0,10.12%,0.56%,下跌期
2018-04-12,8850.0,9000.0,8925.0,9.51%,-0.56%,下跌期
2018-04-13,8850.0,9050.0,8950.0,10.49%,0.28%,下跌期
2018-04-16,8850.0,9050.0,8950.0,10.49%,0.00%,下跌期
2018-04-17,8800.0,8950.0,8875.0,10.25%,-0.84%,下跌期
2018-04-18,8800.0,8950.0,8875.0,10.94%,0.00%,下跌期
2018-04-19,8800.0,8950.0,8875.0,12.34%,0.00%,下跌期
2018-04-20,8800.0,8950.0,8875.0,12.34%,0.00%,下跌期
2018-04-23,8750.0,8900.0,8825.0,12.42%,-0.56%,下跌期
2018-04-24,8750.0,8900.0,8825.0,12.42%,0.00%,下跌期
2018-04-25,8800.0,8900.0,8850.0,13.10%,0.28%,下跌期
2018-04-26,8850.0,8950.0,8900.0,13.81%,0.56%,下跌期
2018-04-27,8850.0,9000.0,8925.0,13.69%,0.28%,下跌期
2018-04-28,8850.0,9000.0,8925.0,12.26%,0.00%,下跌期
2018-05-02,9050.0,9150.0,9100.0,14.47%,1.96%,平稳期
2018-05-03,9070.0,9150.0,9110.0,15.32%,0.11%,平稳期
2018-05-04,9100.0,9250.0,9175.0,17.63%,0.71%,平稳期
2018-05-07,9150.0,9250.0,9200.0,19.48%,0.27%,平稳期
2018-05-08,9150.0,9250.0,9200.0,19.48%,0.00%,平稳期
2018-05-09,9150.0,9250.0,9200.0,20.26%,0.00%,平稳期
2018-05-10,9150.0,9300.0,9225.0,21.38%,0.27%,平稳期
2018-05-11,9150.0,9300.0,9225.0,22.19%,0.00%,平稳期
2018-05-14,9200.0,9300.0,9250.0,21.71%,0.27%,平稳期
2018-05-15,9200.0,9300.0,9250.0,21.71%,0.00%,平稳期
2018-05-16,9150.0,9250.0,9200.0,21.05%,-0.54%,平稳期
2018-05-17,9150.0,9250.0,9200.0,18.71%,0.00%,上涨期
2018-05-18,9150.0,9250.0,9200.0,19.48%,0.00%,上涨期
2018-05-21,9200.0,9350.0,9275.0,16.67%,0.82%,上涨期
2018-05-22,9200.0,9350.0,9275.0,15.22%,0.00%,上涨期
2018-05-23,9200.0,9350.0,9275.0,14.51%,0.00%,上涨期
2018-05-24,9200.0,9350.0,9275.0,14.51%,0.00%,上涨期
2018-05-25,9200.0,9350.0,9275.0,14.51%,0.00%,上涨期
2018-05-28,9200.0,9350.0,9275.0,15.94%,0.00%,上涨期
2018-05-29,9200.0,9350.0,9275.0,15.94%,0.00%,上涨期
2018-05-30,9200.0,9350.0,9275.0,15.94%,0.00%,上涨期
2018-05-31,9200.0,9350.0,9275.0,15.94%,0.00%,上涨期
2018-06-01,9150.0,9250.0,9200.0,16.46%,-0.81%,上涨期
2018-06-04,9200.0,9280.0,9240.0,17.71%,0.43%,上涨期
2018-06-05,9170.0,9280.0,9225.0,19.03%,-0.16%,上涨期
2018-06-06,9200.0,9350.0,9275.0,20.45%,0.54%,上涨期
2018-06-07,9150.0,9300.0,9225.0,19.03%,-0.54%,上涨期
2018-06-08,9200.0,9300.0,9250.0,20.13%,0.27%,上涨期
2018-06-11,9200.0,9300.0,9250.0,19.35%,0.00%,上涨期
2018-06-12,9300.0,9400.0,9350.0,19.11%,1.08%,上涨期
2018-06-13,9270.0,9380.0,9325.0,18.04%,-0.27%,上涨期
2018-06-14,9270.0,9380.0,9325.0,20.32%,0.00%,上涨期
2018-06-15,9150.0,9300.0,9225.0,19.03%,-1.07%,上涨期
2018-06-19,9120.0,9250.0,9185.0,17.76%,-0.43%,上涨期
2018-06-20,9050.0,9250.0,9150.0,18.06%,-0.38%,上涨期
2018-06-21,9050.0,9200.0,9125.0,18.51%,-0.27%,上涨期
2018-06-22,9000.0,9150.0,9075.0,18.63%,-0.55%,上涨期
2018-06-25,8950.0,9080.0,9015.0,17.08%,-0.66%,上涨期
2018-06-26,8980.0,9100.0,9040.0,16.65%,0.28%,上涨期
2018-06-27,9050.0,9100.0,9075.0,17.10%,0.39%,上涨期
2018-06-28,9050.0,9150.0,9100.0,17.42%,0.28%,上涨期
2018-06-29,9100.0,9220.0,9160.0,17.44%,0.66%,上涨期
2018-07-02,9200.0,9250.0,9225.0,17.52%,0.71%,上涨期
2018-07-03,9200.0,9270.0,9235.0,16.90%,0.11%,上涨期
2018-07-04,9200.0,9270.0,9235.0,17.64%,0.00%,上涨期
2018-07-05,9170.0,9270.0,9220.0,16.71%,-0.16%,上涨期
2018-07-06,9080.0,9150.0,9115.0,15.38%,-1.14%,上涨期
2018-07-09,9080.0,9250.0,9165.0,15.28%,0.55%,上涨期
2018-07-10,9150.0,9300.0,9225.0,15.31%,0.65%,上涨期
2018-07-11,9180.0,9300.0,9240.0,15.50%,0.16%,上涨期
2018-07-12,9200.0,9300.0,9250.0,14.20%,0.11%,上涨期
2018-07-13,9200.0,9350.0,9275.0,15.94%,0.27%,上涨期
2018-07-16,9280.0,9400.0,9340.0,16.02%,0.70%,上涨期
2018-07-17,9270.0,9350.0,9310.0,14.94%,-0.32%,上涨期
2018-07-18,9270.0,9350.0,9310.0,14.94%,0.00%,上涨期
2018-07-19,9270.0,9400.0,9335.0,14.54%,0.27%,上涨期
2018-07-20,9270.0,9400.0,9335.0,13.15%,0.00%,上涨期
2018-07-23,9330.0,9400.0,9365.0,12.16%,0.32%,上涨期
2018-07-24,9400.0,9500.0,9450.0,12.50%,0.91%,上涨期
2018-07-25,9450.0,9550.0,9500.0,13.10%,0.53%,上涨期
2018-07-26,9400.0,9500.0,9450.0,12.23%,-0.53%,上涨期
2018-07-27,9400.0,9500.0,9450.0,13.17%,0.00%,上涨期
2018-07-30,9500.0,9650.0,9575.0,16.77%,1.32%,上涨期
2018-07-31,9500.0,9650.0,9575.0,17.48%,0.00%,上涨期
2018-08-01,9550.0,9650.0,9600.0,15.66%,0.26%,上涨期
2018-08-02,9600.0,9650.0,9625.0,15.96%,0.26%,上涨期
2018-08-03,9800.0,9900.0,9850.0,18.67%,2.34%,上涨期
2018-08-06,9950.0,10050.0,10000.0,19.05%,1.52%,上涨期
2018-08-07,10050.0,10200.0,10125.0,21.99%,1.25%,上涨期
2018-08-08,10050.0,10200.0,10125.0,21.26%,0.00%,上涨期
2018-08-09,10050.0,10150.0,10100.0,19.24%,-0.25%,上涨期
2018-08-10,10050.0,10150.0,10100.0,18.82%,0.00%,上涨期
2018-08-13,9980.0,10100.0,10040.0,18.12%,-0.59%,上涨期
2018-08-14,10100.0,10200.0,10150.0,20.83%,1.10%,上涨期
2018-08-15,10080.0,10200.0,10140.0,21.44%,-0.10%,上涨期
2018-08-16,10020.0,10150.0,10085.0,20.78%,-0.54%,上涨期
2018-08-17,9950.0,10100.0,10025.0,17.94%,-0.59%,上涨期
2018-08-20,9900.0,10050.0,9975.0,16.67%,-0.50%,上涨期
2018-08-21,9900.0,10050.0,9975.0,14.66%,0.00%,上涨期
2018-08-22,9900.0,10150.0,10025.0,15.90%,0.50%,上涨期
2018-08-23,9900.0,10100.0,10000.0,13.64%,-0.25%,上涨期
2018-08-24,9750.0,9950.0,9850.0,11.30%,-1.50%,上涨期
2018-08-27,9700.0,9950.0,9825.0,10.39%,-0.25%,上涨期
2018-08-28,9750.0,9950.0,9850.0,11.30%,0.25%,上涨期
2018-08-29,9800.0,9950.0,9875.0,10.34%,0.25%,平稳期
2018-08-30,9750.0,9900.0,9825.0,9.17%,-0.51%,平稳期
2018-08-31,9780.0,9900.0,9840.0,8.73%,0.15%,平稳期
2018-09-03,9780.0,9900.0,9840.0,8.13%,0.00%,平稳期
2018-09-04,9750.0,9900.0,9825.0,3.42%,-0.15%,平稳期
2018-09-05,9750.0,9900.0,9825.0,3.97%,0.00%,平稳期
2018-09-06,9800.0,9850.0,9825.0,4.52%,0.00%,平稳期
2018-09-07,9870.0,9950.0,9910.0,6.56%,0.87%,平稳期
2018-09-10,9950.0,10050.0,10000.0,9.29%,0.91%,平稳期
2018-09-11,9950.0,10050.0,10000.0,9.89%,0.00%,平稳期
2018-09-12,9900.0,10000.0,9950.0,8.74%,-0.50%,平稳期
2018-09-13,9900.0,10000.0,9950.0,9.34%,0.00%,平稳期
2018-09-14,9950.0,10050.0,10000.0,11.11%,0.50%,平稳期
2018-09-17,10120.0,10250.0,10185.0,14.44%,1.85%,平稳期
2018-09-18,10200.0,10300.0,10250.0,16.48%,0.64%,平稳期
2018-09-19,10300.0,10400.0,10350.0,17.61%,0.98%,上涨期
2018-09-20,10500.0,10600.0,10550.0,19.89%,1.93%,上涨期
2018-09-21,10400.0,10550.0,10475.0,19.71%,-0.71%,上涨期
2018-09-25,10450.0,10550.0,10500.0,21.39%,0.24%,上涨期
2018-09-26,10450.0,10550.0,10500.0,19.32%,0.00%,平稳期
2018-09-27,10450.0,10600.0,10525.0,18.93%,0.24%,平稳期
2018-09-28,10550.0,10650.0,10600.0,23.26%,0.71%,平稳期
2018-09-29,10550.0,10650.0,10600.0,20.45%,0.00%,平稳期
2018-09-30,10600.0,10650.0,10625.0,20.74%,0.24%,平稳期
2018-10-08,10750.0,10900.0,10825.0,23.01%,1.88%,平稳期
2018-10-09,10950.0,11100.0,11025.0,25.28%,1.85%,平稳期
2018-10-10,11000.0,11150.0,11075.0,25.14%,0.45%,平稳期
2018-10-11,11000.0,11150.0,11075.0,25.85%,0.00%,平稳期
2018-10-12,11000.0,11150.0,11075.0,27.30%,0.00%,下跌期
2018-10-15,11000.0,11100.0,11050.0,25.57%,-0.23%,下跌期
2018-10-16,10950.0,11050.0,11000.0,22.91%,-0.45%,下跌期
2018-10-17,10900.0,11100.0,11000.0,22.22%,0.00%,下跌期
2018-10-18,10900.0,11050.0,10975.0,21.27%,-0.23%,下跌期
2018-10-19,10900.0,11000.0,10950.0,23.03%,-0.23%,下跌期
2018-10-22,10850.0,10950.0,10900.0,21.79%,-0.46%,下跌期
2018-10-23,10800.0,10900.0,10850.0,19.89%,-0.46%,下跌期
2018-10-24,10700.0,10800.0,10750.0,18.13%,-0.92%,下跌期
2018-10-25,10650.0,10700.0,10675.0,17.96%,-0.70%,下跌期
2018-10-26,10600.0,10700.0,10650.0,18.33%,-0.23%,下跌期
2018-10-29,10500.0,10600.0,10550.0,17.22%,-0.94%,下跌期
2018-10-30,10400.0,10550.0,10475.0,17.04%,-0.71%,下跌期
2018-10-31,10350.0,10450.0,10400.0,16.20%,-0.72%,下跌期
2018-11-01,10350.0,10500.0,10425.0,17.13%,0.24%,下跌期
2018-11-02,10300.0,10500.0,10400.0,17.51%,-0.24%,下跌期
2018-11-05,10350.0,10500.0,10425.0,17.13%,0.24%,下跌期
2018-11-06,10350.0,10500.0,10425.0,16.48%,0.00%,下跌期
2018-11-07,10300.0,10500.0,10400.0,14.92%,-0.24%,下跌期
2018-11-08,10350.0,10500.0,10425.0,14.56%,0.24%,下跌期
2018-11-09,10300.0,10400.0,10350.0,12.50%,-0.72%,下跌期
2018-11-12,10250.0,10400.0,10325.0,14.09%,-0.24%,下跌期
2018-11-13,10100.0,10300.0,10200.0,12.71%,-1.21%,下跌期
2018-11-14,9900.0,10100.0,10000.0,10.50%,-1.96%,下跌期
2018-11-15,9900.0,10100.0,10000.0,12.36%,0.00%,下跌期
2018-11-16,9900.0,10000.0,9950.0,12.43%,-0.50%,下跌期
2018-11-19,9900.0,9950.0,9925.0,12.78%,-0.25%,下跌期
2018-11-20,9800.0,9950.0,9875.0,10.34%,-0.50%,下跌期
2018-11-21,9400.0,9550.0,9475.0,4.12%,-4.05%,下跌期
2018-11-22,9400.0,9500.0,9450.0,3.28%,-0.26%,下跌期
2018-11-23,9200.0,9350.0,9275.0,1.37%,-1.85%,下跌期
2018-11-26,8850.0,8950.0,8900.0,-2.73%,-4.04%,下跌期
2018-11-27,8800.0,8950.0,8875.0,-3.01%,-0.28%,下跌期
2018-11-28,8850.0,9000.0,8925.0,-0.83%,0.56%,下跌期
2018-11-29,8950.0,9100.0,9025.0,0.00%,1.12%,下跌期
2018-11-30,8950.0,9100.0,9025.0,0.28%,0.00%,下跌期
2018-12-03,8950.0,9250.0,9100.0,0.00%,0.83%,下跌期
2018-12-04,9300.0,9500.0,9400.0,2.73%,3.30%,下跌期
2018-12-05,9500.0,9600.0,9550.0,3.80%,1.60%,下跌期
2018-12-06,9600.0,9750.0,9675.0,5.74%,1.31%,下跌期
2018-12-07,9500.0,9650.0,9575.0,5.80%,-1.03%,下跌期
2018-12-10,9450.0,9600.0,9525.0,4.67%,-0.52%,下跌期
2018-12-11,9300.0,9450.0,9375.0,2.46%,-1.57%,下跌期
2018-12-12,9150.0,9250.0,9200.0,0.55%,-1.87%,下跌期
2018-12-13,9100.0,9200.0,9150.0,0.55%,-0.54%,下跌期
2018-12-14,9100.0,9200.0,9150.0,0.00%,0.00%,下跌期
2018-12-17,9200.0,9350.0,9275.0,1.92%,1.37%,下跌期
2018-12-18,9200.0,9350.0,9275.0,2.20%,0.00%,下跌期
2018-12-19,9200.0,9350.0,9275.0,1.53%,0.00%,下跌期
2018-12-20,9200.0,9350.0,9275.0,1.09%,0.00%,下跌期
2018-12-21,9100.0,9250.0,9175.0,0.00%,-1.08%,下跌期
2018-12-24,9000.0,9150.0,9075.0,-0.55%,-1.09%,下跌期
2018-12-25,8950.0,9100.0,9025.0,-1.63%,-0.55%,下跌期
2018-12-26,8950.0,9100.0,9025.0,-1.90%,0.00%,下跌期
2018-12-27,8950.0,9150.0,9050.0,-1.36%,0.28%,下跌期
2018-12-28,9050.0,9150.0,9100.0,-0.55%,0.55%,下跌期
2018-12-29,9100.0,9200.0,9150.0,-0.54%,0.55%,下跌期
2019-01-02,9050.0,9200.0,9125.0,-2.41%,-0.27%,下跌期
2019-01-03,9050.0,9150.0,9100.0,-2.67%,-0.27%,下跌期
2019-01-04,9000.0,9100.0,9050.0,-3.21%,-0.55%,下跌期
2019-01-07,9150.0,9250.0,9200.0,-1.60%,1.66%,下跌期
2019-01-08,9150.0,9250.0,9200.0,-1.87%,0.00%,下跌期
2019-01-09,9200.0,9300.0,9250.0,-1.86%,0.54%,下跌期
2019-01-10,9200.0,9300.0,9250.0,-2.37%,0.00%,下跌期
2019-01-11,9200.0,9300.0,9250.0,-2.89%,0.00%,下跌期
2019-01-14,9200.0,9300.0,9250.0,-3.14%,0.00%,下跌期
2019-01-15,9150.0,9250.0,9200.0,-4.17%,-0.54%,下跌期
2019-01-16,9150.0,9250.0,9200.0,-3.41%,0.00%,下跌期
2019-01-17,9150.0,9250.0,9200.0,-2.65%,0.00%,下跌期
2019-01-18,9150.0,9250.0,9200.0,-2.39%,0.00%,下跌期
2019-01-21,9150.0,9250.0,9200.0,-2.39%,0.00%,下跌期
2019-01-22,9150.0,9250.0,9200.0,-2.90%,0.00%,下跌期
2019-01-23,9100.0,9200.0,9150.0,-3.43%,-0.54%,下跌期
2019-01-24,9100.0,9200.0,9150.0,-3.43%,0.00%,下跌期
2019-01-25,9100.0,9200.0,9150.0,-3.94%,0.00%,下跌期
2019-01-28,9000.0,9100.0,9050.0,-4.74%,-1.09%,下跌期
2019-01-29,8900.0,9050.0,8975.0,-5.77%,-0.83%,下跌期
2019-01-30,8900.0,9050.0,8975.0,-5.28%,0.00%,下跌期
2019-01-31,8900.0,9050.0,8975.0,-5.28%,0.00%,下跌期
2019-02-01,8900.0,9050.0,8975.0,-4.77%,0.00%,下跌期
2019-02-02,8900.0,9050.0,8975.0,-4.77%,0.00%,下跌期
2019-02-03,8900.0,9050.0,8975.0,-4.77%,0.00%,下跌期
2019-02-11,8950.0,9050.0,9000.0,-2.17%,0.28%,下跌期
2019-02-12,8850.0,8930.0,8890.0,-3.37%,-1.22%,下跌期
2019-02-13,8750.0,8850.0,8800.0,-4.35%,-1.01%,下跌期
2019-02-14,8700.0,8800.0,8750.0,-4.89%,-0.57%,下跌期
2019-02-15,8700.0,8800.0,8750.0,-4.89%,0.00%,下跌期
2019-02-18,8650.0,8750.0,8700.0,-5.43%,-0.57%,下跌期
2019-02-19,8650.0,8750.0,8700.0,-5.43%,0.00%,下跌期
2019-02-20,8800.0,8900.0,8850.0,-3.80%,1.72%,下跌期
2019-02-21,8850.0,8950.0,8900.0,-3.26%,0.56%,下跌期
2019-02-22,8830.0,8930.0,8880.0,-3.22%,-0.22%,下跌期
2019-02-25,8750.0,8800.0,8775.0,-3.84%,-1.18%,下跌期
2019-02-26,8730.0,8780.0,8755.0,-3.79%,-0.23%,下跌期
2019-02-27,8700.0,8780.0,8740.0,-3.96%,-0.17%,下跌期
2019-02-28,8650.0,8700.0,8675.0,-4.14%,-0.74%,下跌期
2019-03-01,8650.0,8700.0,8675.0,-4.14%,0.00%,下跌期
2019-03-04,8800.0,8900.0,8850.0,-3.28%,2.02%,下跌期
2019-03-05,8880.0,9000.0,8940.0,-1.76%,1.02%,下跌期
2019-03-06,8900.0,9000.0,8950.0,-1.65%,0.11%,下跌期
2019-03-07,8850.0,8950.0,8900.0,-1.66%,-0.56%,下跌期
2019-03-08,8750.0,8900.0,8825.0,-1.67%,-0.84%,下跌期
2019-03-11,8750.0,8850.0,8800.0,-1.95%,-0.28%,下跌期
2019-03-12,8830.0,8900.0,8865.0,0.45%,0.74%,下跌期
2019-03-13,8850.0,8900.0,8875.0,0.57%,0.11%,下跌期
2019-03-14,8850.0,8900.0,8875.0,0.57%,0.00%,下跌期
2019-03-15,8750.0,8900.0,8825.0,0.00%,-0.56%,下跌期
2019-03-18,8650.0,8750.0,8700.0,-1.42%,-1.42%,下跌期
2019-03-19,8650.0,8750.0,8700.0,0.58%,0.00%,下跌期
2019-03-20,8650.0,8750.0,8700.0,1.16%,0.00%,下跌期
2019-03-21,8750.0,8850.0,8800.0,1.44%,1.15%,下跌期
2019-03-22,8750.0,8850.0,8800.0,0.98%,0.00%,下跌期
2019-03-25,8750.0,8900.0,8825.0,2.92%,0.28%,下跌期
2019-03-26,8750.0,8900.0,8825.0,3.34%,0.00%,下跌期
2019-03-27,8750.0,8900.0,8825.0,3.64%,0.00%,下跌期
2019-03-28,8750.0,8900.0,8825.0,2.92%,0.00%,下跌期
2019-03-29,8750.0,8850.0,8800.0,2.33%,-0.28%,下跌期
2019-04-01,8750.0,8900.0,8825.0,1.73%,0.28%,下跌期
2019-04-02,8780.0,8900.0,8840.0,1.61%,0.17%,下跌期
2019-04-03,8850.0,8950.0,8900.0,2.30%,0.68%,下跌期
2019-04-04,8850.0,8950.0,8900.0,1.42%,0.00%,下跌期
2019-04-08,9000.0,9100.0,9050.0,3.13%,1.69%,下跌期
2019-04-09,8950.0,9050.0,9000.0,1.12%,-0.55%,下跌期
2019-04-10,8900.0,9050.0,8975.0,0.56%,-0.28%,下跌期
2019-04-11,8900.0,9050.0,8975.0,0.00%,0.00%,下跌期
2019-04-12,8900.0,9050.0,8975.0,0.56%,0.00%,下跌期
2019-04-15,8900.0,9050.0,8975.0,0.28%,0.00%,下跌期
2019-04-16,8900.0,9050.0,8975.0,0.28%,0.00%,下跌期
2019-04-17,8900.0,9050.0,8975.0,1.13%,0.00%,下跌期
2019-04-18,8850.0,8950.0,8900.0,0.28%,-0.84%,下跌期
2019-04-19,8800.0,8900.0,8850.0,-0.28%,-0.56%,下跌期
2019-04-22,8800.0,8900.0,8850.0,-0.28%,0.00%,下跌期
2019-04-23,8800.0,8900.0,8850.0,0.28%,0.00%,下跌期
2019-04-24,8800.0,8900.0,8850.0,0.28%,0.00%,下跌期
2019-04-25,8750.0,8850.0,8800.0,-0.56%,-0.56%,下跌期
2019-04-26,8750.0,8850.0,8800.0,-1.12%,0.00%,下跌期
2019-04-28,8750.0,8850.0,8800.0,-1.40%,0.00%,下跌期
2019-04-29,8750.0,8850.0,8800.0,-1.40%,0.00%,下跌期
2019-04-30,8750.0,8850.0,8800.0,-1.40%,0.00%,下跌期
2019-05-05,8750.0,8850.0,8800.0,-4.09%,0.00%,下跌期
2019-05-06,8750.0,8850.0,8800.0,-4.09%,0.00%,下跌期
2019-05-07,8750.0,8800.0,8775.0,-4.62%,-0.28%,下跌期
2019-05-08,8700.0,8800.0,8750.0,-4.89%,-0.28%,下跌期
2019-05-09,8600.0,8700.0,8650.0,-5.98%,-1.14%,下跌期
2019-05-10,8600.0,8700.0,8650.0,-6.23%,0.00%,下跌期
2019-05-13,8500.0,8600.0,8550.0,-7.32%,-1.16%,下跌期
2019-05-14,8400.0,8500.0,8450.0,-8.65%,-1.17%,下跌期
2019-05-15,8350.0,8450.0,8400.0,-9.19%,-0.59%,下跌期
2019-05-16,8350.0,8450.0,8400.0,-8.70%,0.00%,下跌期
2019-05-17,8350.0,8450.0,8400.0,-8.70%,0.00%,下跌期
2019-05-20,8450.0,8550.0,8500.0,-7.61%,1.19%,下跌期
2019-05-21,8500.0,8650.0,8575.0,-7.55%,0.88%,下跌期
2019-05-22,8550.0,8700.0,8625.0,-7.01%,0.58%,下跌期
2019-05-23,8500.0,8650.0,8575.0,-7.55%,-0.58%,下跌期
2019-05-24,8400.0,8550.0,8475.0,-8.63%,-1.17%,下跌期
2019-05-27,8400.0,8550.0,8475.0,-8.63%,0.00%,下跌期
2019-05-28,8400.0,8550.0,8475.0,-8.63%,0.00%,平稳期
2019-05-29,8400.0,8550.0,8475.0,-8.63%,0.00%,平稳期
2019-05-30,8500.0,8600.0,8550.0,-7.82%,0.88%,平稳期
2019-05-31,8400.0,8500.0,8450.0,-8.89%,-1.17%,平稳期
2019-06-03,8300.0,8450.0,8375.0,-8.97%,-0.89%,平稳期
2019-06-04,8200.0,8250.0,8225.0,-10.98%,-1.79%,平稳期
2019-06-05,8250.0,8350.0,8300.0,-10.03%,0.91%,平稳期
2019-06-06,8150.0,8250.0,8200.0,-11.59%,-1.20%,平稳期
2019-06-10,8250.0,8350.0,8300.0,-10.27%,1.22%,平稳期
2019-06-11,8250.0,8350.0,8300.0,-10.27%,0.00%,平稳期
2019-06-12,8250.0,8350.0,8300.0,-11.23%,0.00%,平稳期
2019-06-13,8250.0,8350.0,8300.0,-10.99%,0.00%,下跌期
2019-06-14,8300.0,8400.0,8350.0,-10.46%,0.60%,平稳期
2019-06-17,8300.0,8400.0,8350.0,-9.49%,0.00%,平稳期
2019-06-18,8250.0,8350.0,8300.0,-10.03%,-0.60%,平稳期
2019-06-19,8350.0,8400.0,8375.0,-8.82%,0.90%,平稳期
2019-06-20,8400.0,8500.0,8450.0,-7.65%,0.90%,平稳期
2019-06-21,8450.0,8550.0,8500.0,-6.85%,0.59%,平稳期
2019-06-24,8500.0,8600.0,8550.0,-5.79%,0.59%,平稳期
2019-06-25,8550.0,8600.0,8575.0,-4.88%,0.29%,平稳期
2019-06-26,8500.0,8600.0,8550.0,-5.42%,-0.29%,平稳期
2019-06-27,8550.0,8600.0,8575.0,-5.51%,0.29%,平稳期
2019-06-28,8500.0,8600.0,8550.0,-6.04%,-0.29%,平稳期
2019-07-01,8700.0,8800.0,8750.0,-4.48%,2.34%,平稳期
2019-07-02,8600.0,8650.0,8625.0,-6.50%,-1.43%,平稳期
2019-07-03,8850.0,8900.0,8875.0,-3.90%,2.90%,平稳期
2019-07-04,8800.0,8850.0,8825.0,-4.44%,-0.56%,平稳期
2019-07-05,8700.0,8750.0,8725.0,-5.37%,-1.13%,平稳期
2019-07-08,8800.0,8900.0,8850.0,-2.91%,1.43%,平稳期
2019-07-09,8800.0,8900.0,8850.0,-3.44%,0.00%,平稳期
2019-07-10,8800.0,8900.0,8850.0,-4.07%,0.00%,平稳期
2019-07-11,8800.0,8850.0,8825.0,-4.49%,-0.28%,平稳期
2019-07-12,8750.0,8800.0,8775.0,-5.14%,-0.57%,平稳期
2019-07-15,8750.0,8800.0,8775.0,-5.39%,0.00%,下跌期
2019-07-16,8750.0,8800.0,8775.0,-6.05%,0.00%,下跌期
2019-07-17,8700.0,8750.0,8725.0,-6.28%,-0.57%,下跌期
2019-07-18,8700.0,8750.0,8725.0,-6.28%,0.00%,下跌期
2019-07-19,8650.0,8750.0,8700.0,-6.80%,-0.29%,下跌期
2019-07-22,8650.0,8750.0,8700.0,-6.80%,0.00%,下跌期
2019-07-23,8700.0,8800.0,8750.0,-6.57%,0.57%,下跌期
2019-07-24,8650.0,8750.0,8700.0,-7.94%,-0.57%,下跌期
2019-07-25,8650.0,8750.0,8700.0,-8.42%,0.00%,下跌期
2019-07-26,8700.0,8800.0,8750.0,-7.41%,0.57%,下跌期
2019-07-29,8700.0,8750.0,8725.0,-7.67%,-0.29%,下跌期
2019-07-30,8750.0,8850.0,8800.0,-8.09%,0.86%,下跌期
2019-07-31,8700.0,8800.0,8750.0,-8.62%,-0.57%,下跌期
2019-08-01,8700.0,8800.0,8750.0,-8.85%,0.00%,下跌期
2019-08-02,8650.0,8750.0,8700.0,-9.61%,-0.57%,下跌期
2019-08-05,8550.0,8700.0,8625.0,-12.44%,-0.86%,下跌期
2019-08-06,8550.0,8700.0,8625.0,-13.75%,0.00%,下跌期
2019-08-07,8600.0,8700.0,8650.0,-14.57%,0.29%,平稳期
2019-08-08,8600.0,8700.0,8650.0,-14.57%,0.00%,平稳期
2019-08-09,8600.0,8700.0,8650.0,-14.36%,0.00%,平稳期
2019-08-12,8600.0,8700.0,8650.0,-14.36%,0.00%,平稳期
2019-08-13,8600.0,8700.0,8650.0,-13.84%,0.00%,平稳期
2019-08-14,8650.0,8800.0,8725.0,-14.04%,0.87%,平稳期
2019-08-15,8600.0,8750.0,8675.0,-14.45%,-0.57%,平稳期
2019-08-16,8600.0,8750.0,8675.0,-13.98%,0.00%,平稳期
2019-08-19,8600.0,8750.0,8675.0,-13.47%,0.00%,平稳期
2019-08-20,8650.0,8750.0,8700.0,-12.78%,0.29%,平稳期
2019-08-21,8650.0,8750.0,8700.0,-12.78%,0.00%,平稳期
2019-08-22,8600.0,8700.0,8650.0,-13.72%,-0.57%,平稳期
2019-08-23,8550.0,8650.0,8600.0,-14.00%,-0.58%,平稳期
2019-08-26,8500.0,8600.0,8550.0,-13.20%,-0.58%,平稳期
2019-08-27,8500.0,8600.0,8550.0,-12.98%,0.00%,下跌期
2019-08-28,8500.0,8600.0,8550.0,-13.20%,0.00%,下跌期
2019-08-29,8500.0,8600.0,8550.0,-13.42%,0.00%,平稳期
2019-08-30,8450.0,8550.0,8500.0,-13.49%,-0.58%,平稳期
2019-09-02,8450.0,8550.0,8500.0,-13.62%,0.00%,平稳期
2019-09-03,8480.0,8600.0,8540.0,-13.21%,0.47%,平稳期
2019-09-04,8540.0,8600.0,8570.0,-12.77%,0.35%,平稳期
2019-09-05,8630.0,8750.0,8690.0,-11.55%,1.40%,平稳期
2019-09-06,8630.0,8750.0,8690.0,-11.55%,0.00%,平稳期
2019-09-09,8600.0,8700.0,8650.0,-12.71%,-0.46%,平稳期
2019-09-10,8630.0,8700.0,8665.0,-13.35%,0.17%,平稳期
2019-09-11,8630.0,8700.0,8665.0,-13.35%,0.00%,平稳期
2019-09-12,8630.0,8700.0,8665.0,-12.91%,0.00%,平稳期
2019-09-16,8700.0,8850.0,8775.0,-12.25%,1.27%,平稳期
2019-09-17,8900.0,9050.0,8975.0,-11.88%,2.28%,平稳期
2019-09-18,8850.0,8950.0,8900.0,-13.17%,-0.84%,平稳期
2019-09-19,8850.0,8950.0,8900.0,-14.01%,0.00%,平稳期
2019-09-20,8800.0,8900.0,8850.0,-16.11%,-0.56%,下跌期
2019-09-23,8800.0,8900.0,8850.0,-15.51%,0.00%,下跌期
2019-09-24,8800.0,8900.0,8850.0,-15.51%,0.00%,下跌期
2019-09-25,8800.0,8900.0,8850.0,-15.71%,0.00%,下跌期
2019-09-26,8800.0,8900.0,8850.0,-15.71%,0.00%,下跌期
2019-09-27,8750.0,8850.0,8800.0,-16.39%,-0.56%,下跌期
2019-09-29,8750.0,8850.0,8800.0,-16.98%,0.00%,下跌期
2019-09-30,8750.0,8850.0,8800.0,-17.18%,0.00%,下跌期
2019-10-08,8650.0,8750.0,8700.0,-19.63%,-1.14%,下跌期
2019-10-09,8700.0,8800.0,8750.0,-20.63%,0.57%,下跌期
2019-10-10,8700.0,8850.0,8775.0,-20.77%,0.29%,下跌期
2019-10-11,8700.0,8850.0,8775.0,-20.77%,0.00%,下跌期
2019-10-12,8700.0,8850.0,8775.0,-20.77%,0.00%,下跌期
2019-10-14,8700.0,8850.0,8775.0,-20.77%,0.00%,下跌期
2019-10-15,8700.0,8850.0,8775.0,-20.59%,0.00%,下跌期
2019-10-16,8700.0,8850.0,8775.0,-20.23%,0.00%,下跌期
2019-10-17,8650.0,8850.0,8750.0,-20.45%,-0.28%,下跌期
2019-10-18,8650.0,8800.0,8725.0,-20.50%,-0.29%,下跌期
2019-10-21,8650.0,8800.0,8725.0,-20.32%,0.00%,下跌期
2019-10-22,8630.0,8750.0,8690.0,-20.28%,-0.40%,下跌期
2019-10-23,8630.0,8750.0,8690.0,-19.91%,0.00%,下跌期
2019-10-24,8630.0,8750.0,8690.0,-19.16%,0.00%,下跌期
2019-10-25,8630.0,8750.0,8690.0,-18.59%,0.00%,下跌期
2019-10-28,8600.0,8750.0,8675.0,-18.54%,-0.17%,下跌期
2019-10-29,8530.0,8700.0,8615.0,-18.34%,-0.69%,下跌期
2019-10-30,8450.0,8700.0,8575.0,-18.14%,-0.46%,下跌期
2019-10-31,8450.0,8700.0,8575.0,-17.55%,0.00%,下跌期
2019-11-01,8400.0,8600.0,8500.0,-18.47%,-0.87%,下跌期
2019-11-04,8450.0,8650.0,8550.0,-17.79%,0.59%,下跌期
2019-11-05,8450.0,8650.0,8550.0,-17.99%,0.00%,下跌期
2019-11-06,8450.0,8650.0,8550.0,-17.99%,0.00%,下跌期
2019-11-07,8450.0,8650.0,8550.0,-17.79%,0.00%,下跌期
2019-11-08,8450.0,8650.0,8550.0,-17.99%,0.00%,下跌期
2019-11-11,8400.0,8550.0,8475.0,-18.12%,-0.88%,下跌期
2019-11-12,8400.0,8550.0,8475.0,-17.92%,0.00%,下跌期
2019-11-13,8400.0,8550.0,8475.0,-16.91%,0.00%,下跌期
2019-11-14,8400.0,8450.0,8425.0,-15.75%,-0.59%,下跌期
2019-11-15,8350.0,8450.0,8400.0,-16.00%,-0.30%,下跌期
2019-11-18,8300.0,8450.0,8375.0,-15.83%,-0.30%,下跌期
2019-11-19,8300.0,8450.0,8375.0,-15.62%,0.00%,下跌期
2019-11-20,8300.0,8450.0,8375.0,-15.19%,0.00%,下跌期
2019-11-21,8250.0,8450.0,8350.0,-11.87%,-0.30%,下跌期
2019-11-22,8250.0,8450.0,8350.0,-11.64%,0.00%,下跌期
2019-11-25,8250.0,8400.0,8325.0,-10.24%,-0.30%,下跌期
2019-11-26,8270.0,8450.0,8360.0,-6.07%,0.42%,下跌期
2019-11-27,8250.0,8400.0,8325.0,-6.20%,-0.42%,下跌期
2019-11-28,8250.0,8400.0,8325.0,-6.72%,0.00%,下跌期
2019-11-29,8250.0,8400.0,8325.0,-7.76%,0.00%,下跌期
2019-12-02,8200.0,8400.0,8300.0,-8.03%,-0.30%,下跌期
2019-12-03,8200.0,8400.0,8300.0,-8.79%,0.00%,下跌期
2019-12-04,8200.0,8350.0,8275.0,-11.97%,-0.30%,下跌期
2019-12-05,8200.0,8300.0,8250.0,-13.61%,-0.30%,下跌期
2019-12-06,8100.0,8300.0,8200.0,-15.25%,-0.61%,下跌期
2019-12-09,8050.0,8200.0,8125.0,-15.14%,-0.91%,下跌期
2019-12-10,8000.0,8150.0,8075.0,-15.22%,-0.62%,下跌期
2019-12-11,7900.0,8050.0,7975.0,-14.93%,-1.24%,下跌期
2019-12-12,7900.0,8000.0,7950.0,-13.59%,-0.31%,下跌期
2019-12-13,7850.0,8000.0,7925.0,-13.39%,-0.31%,下跌期
2019-12-16,7850.0,8000.0,7925.0,-13.39%,0.00%,下跌期
2019-12-17,7850.0,8000.0,7925.0,-14.56%,0.00%,下跌期
2019-12-18,7800.0,7950.0,7875.0,-15.09%,-0.63%,下跌期
2019-12-19,7750.0,7900.0,7825.0,-15.63%,-0.63%,下跌期
2019-12-20,7750.0,7800.0,7775.0,-16.17%,-0.64%,下跌期
2019-12-23,7700.0,7800.0,7750.0,-15.53%,-0.32%,下跌期
2019-12-24,7650.0,7800.0,7725.0,-14.88%,-0.32%,下跌期
2019-12-25,7650.0,7750.0,7700.0,-14.68%,-0.32%,下跌期
2019-12-26,7600.0,7720.0,7660.0,-15.12%,-0.52%,下跌期
2019-12-27,7600.0,7720.0,7660.0,-15.36%,0.00%,下跌期
2019-12-30,7600.0,7750.0,7675.0,-16.12%,0.20%,下跌期
2019-12-31,7600.0,7750.0,7675.0,-16.12%,0.00%,下跌期
2020-01-02,7550.0,7700.0,7625.0,-16.44%,-0.65%,下跌期
2020-01-03,7550.0,7650.0,7600.0,-16.48%,-0.33%,下跌期
2020-01-06,7550.0,7650.0,7600.0,-16.02%,0.00%,下跌期
2020-01-07,7500.0,7600.0,7550.0,-17.93%,-0.66%,下跌期
2020-01-08,7500.0,7600.0,7550.0,-17.93%,0.00%,下跌期
2020-01-09,7500.0,7600.0,7550.0,-18.38%,0.00%,下跌期
2020-01-10,7500.0,7600.0,7550.0,-18.38%,0.00%,下跌期
2020-01-13,7500.0,7600.0,7550.0,-18.38%,0.00%,平稳期
2020-01-14,7500.0,7650.0,7575.0,-18.11%,0.33%,平稳期
2020-01-15,7500.0,7650.0,7575.0,-17.66%,0.00%,平稳期
2020-01-16,7450.0,7600.0,7525.0,-18.21%,-0.66%,平稳期
2020-01-17,7450.0,7550.0,7500.0,-18.48%,-0.33%,平稳期
2020-01-19,7450.0,7550.0,7500.0,-18.48%,0.00%,平稳期
2020-01-20,7400.0,7550.0,7475.0,-18.75%,-0.33%,平稳期
2020-01-21,7400.0,7550.0,7475.0,-18.75%,0.00%,平稳期
2020-01-22,7400.0,7550.0,7475.0,-18.75%,0.00%,平稳期
2020-01-23,7350.0,7450.0,7400.0,-19.13%,-1.00%,平稳期
2020-02-03,6900.0,7100.0,7000.0,-22.01%,-5.41%,平稳期
2020-02-04,6850.0,6950.0,6900.0,-23.12%,-1.43%,下跌期
2020-02-05,6850.0,6950.0,6900.0,-23.12%,0.00%,下跌期
2020-02-06,6850.0,6900.0,6875.0,-23.40%,-0.36%,下跌期
2020-02-07,6750.0,6950.0,6850.0,-23.68%,-0.36%,下跌期
2020-02-10,6750.0,6950.0,6850.0,-23.68%,0.00%,下跌期
2020-02-11,6750.0,6950.0,6850.0,-23.89%,0.00%,下跌期
2020-02-12,6700.0,6900.0,6800.0,-23.51%,-0.73%,下跌期
2020-02-13,6700.0,6850.0,6775.0,-23.01%,-0.37%,下跌期
2020-02-14,6650.0,6850.0,6750.0,-22.86%,-0.37%,下跌期
2020-02-17,6650.0,6850.0,6750.0,-22.86%,0.00%,下跌期
2020-02-18,6750.0,6900.0,6825.0,-21.55%,1.11%,下跌期
2020-02-19,6800.0,6950.0,6875.0,-20.98%,0.73%,下跌期
2020-02-20,6900.0,7050.0,6975.0,-21.19%,1.45%,下跌期
2020-02-21,6980.0,7150.0,7065.0,-20.62%,1.29%,下跌期
2020-02-24,6900.0,7100.0,7000.0,-21.17%,-0.92%,下跌期
2020-02-25,6900.0,7050.0,6975.0,-20.51%,-0.36%,下跌期
2020-02-26,6900.0,7050.0,6975.0,-20.33%,0.00%,下跌期
2020-02-27,6850.0,7050.0,6950.0,-20.48%,-0.36%,下跌期
2020-02-28,6750.0,7050.0,6900.0,-20.46%,-0.72%,下跌期
2020-03-02,6800.0,7050.0,6925.0,-20.17%,0.36%,下跌期
2020-03-03,6950.0,7100.0,7025.0,-19.02%,1.44%,下跌期
2020-03-04,6950.0,7100.0,7025.0,-20.62%,0.00%,下跌期
2020-03-05,7000.0,7150.0,7075.0,-20.86%,0.71%,下跌期
2020-03-06,7000.0,7150.0,7075.0,-20.95%,0.00%,下跌期
2020-03-09,6800.0,7000.0,6900.0,-21.81%,-2.47%,下跌期
2020-03-10,6850.0,7050.0,6950.0,-21.25%,0.72%,下跌期
2020-03-11,6900.0,7100.0,7000.0,-20.45%,0.72%,下跌期
2020-03-12,6800.0,7000.0,6900.0,-22.17%,-1.43%,下跌期
2020-03-13,6750.0,6950.0,6850.0,-22.82%,-0.72%,下跌期
2020-03-16,6720.0,6950.0,6835.0,-22.55%,-0.22%,下跌期
2020-03-17,6630.0,6850.0,6740.0,-23.63%,-1.39%,下跌期
2020-03-18,6680.0,6900.0,6790.0,-21.95%,0.74%,下跌期
2020-03-19,6450.0,6800.0,6625.0,-23.85%,-2.43%,下跌期
2020-03-20,6580.0,6750.0,6665.0,-23.39%,0.60%,下跌期
2020-03-23,6400.0,6750.0,6575.0,-25.28%,-1.35%,下跌期
2020-03-24,6400.0,6750.0,6575.0,-25.28%,0.00%,平稳期
2020-03-25,6400.0,6700.0,6550.0,-25.78%,-0.38%,平稳期
2020-03-26,6300.0,6600.0,6450.0,-26.91%,-1.53%,平稳期
2020-03-27,6000.0,6400.0,6200.0,-29.75%,-3.88%,平稳期
2020-03-30,5900.0,6200.0,6050.0,-31.25%,-2.42%,平稳期
2020-03-31,6000.0,6300.0,6150.0,-30.11%,1.65%,平稳期
2020-04-01,6000.0,6400.0,6200.0,-29.75%,0.81%,平稳期
2020-04-02,6100.0,6400.0,6250.0,-29.30%,0.81%,平稳期
2020-04-03,6300.0,6500.0,6400.0,-28.09%,2.40%,平稳期
2020-04-07,6800.0,6900.0,6850.0,-23.03%,7.03%,平稳期
2020-04-08,6950.0,7300.0,7125.0,-21.27%,4.01%,上涨期
2020-04-09,7050.0,7400.0,7225.0,-19.72%,1.40%,上涨期
2020-04-10,7350.0,7600.0,7475.0,-16.71%,3.46%,上涨期
2020-04-13,9000.0,9400.0,9200.0,2.51%,23.08%,上涨期
2020-04-14,8500.0,9000.0,8750.0,-2.51%,-4.89%,上涨期
2020-04-15,7900.0,8200.0,8050.0,-10.31%,-8.00%,上涨期
2020-04-16,7300.0,7600.0,7450.0,-16.99%,-7.45%,上涨期
2020-04-17,7400.0,7700.0,7550.0,-15.88%,1.34%,上涨期
2020-04-20,7250.0,7600.0,7425.0,-16.10%,-1.66%,上涨期
2020-04-21,7100.0,7400.0,7250.0,-18.08%,-2.36%,上涨期
2020-04-22,6800.0,7100.0,6950.0,-21.47%,-4.14%,上涨期
2020-04-23,7000.0,7300.0,7150.0,-19.21%,2.88%,上涨期
2020-04-24,7150.0,7400.0,7275.0,-17.80%,1.75%,上涨期
2020-04-26,7300.0,7550.0,7425.0,-15.63%,2.06%,上涨期
2020-04-27,7400.0,7650.0,7525.0,-14.49%,1.35%,上涨期
2020-04-28,7400.0,7650.0,7525.0,-14.49%,0.00%,上涨期
2020-04-29,7400.0,7650.0,7525.0,-14.49%,0.00%,上涨期
2020-04-30,7400.0,7650.0,7525.0,-14.49%,0.00%,上涨期
2020-05-06,7550.0,7750.0,7650.0,-13.07%,1.66%,上涨期
2020-05-07,7600.0,7850.0,7725.0,-11.97%,0.98%,上涨期
2020-05-08,7600.0,7750.0,7675.0,-12.29%,-0.65%,上涨期
2020-05-09,7550.0,7700.0,7625.0,-11.85%,-0.65%,上涨期
2020-05-11,7450.0,7600.0,7525.0,-13.01%,-1.31%,上涨期
2020-05-12,7300.0,7450.0,7375.0,-14.74%,-1.99%,上涨期
2020-05-13,7250.0,7400.0,7325.0,-14.33%,-0.68%,上涨期
2020-05-14,7250.0,7400.0,7325.0,-13.31%,0.00%,上涨期
2020-05-15,7250.0,7400.0,7325.0,-12.80%,0.00%,上涨期
2020-05-18,7350.0,7450.0,7400.0,-11.90%,1.02%,上涨期
2020-05-19,7500.0,7650.0,7575.0,-9.82%,2.36%,上涨期
2020-05-20,7450.0,7700.0,7575.0,-10.88%,0.00%,上涨期
2020-05-21,7600.0,7750.0,7675.0,-10.50%,1.32%,上涨期
2020-05-22,7500.0,7650.0,7575.0,-12.17%,-1.30%,上涨期
2020-05-25,7500.0,7650.0,7575.0,-10.62%,0.00%,上涨期
2020-05-26,7500.0,7650.0,7575.0,-10.62%,0.00%,上涨期
2020-05-27,7450.0,7600.0,7525.0,-11.21%,-0.66%,上涨期
2020-05-28,7450.0,7600.0,7525.0,-11.21%,0.00%,上涨期
2020-05-29,7500.0,7700.0,7600.0,-10.32%,1.00%,上涨期
2020-06-01,7650.0,7850.0,7750.0,-8.28%,1.97%,上涨期
2020-06-02,7750.0,7950.0,7850.0,-7.10%,1.29%,上涨期
2020-06-03,7750.0,7900.0,7825.0,-6.57%,-0.32%,上涨期
2020-06-04,7750.0,7900.0,7825.0,-4.86%,0.00%,上涨期
2020-06-05,7650.0,7850.0,7750.0,-6.63%,-0.96%,上涨期
2020-06-08,7650.0,7850.0,7750.0,-5.49%,0.00%,上涨期
2020-06-09,7650.0,7850.0,7750.0,-5.49%,0.00%,上涨期
2020-06-10,7700.0,7900.0,7800.0,-6.02%,0.65%,上涨期
2020-06-11,7650.0,7850.0,7750.0,-6.63%,-0.64%,上涨期
2020-06-12,7600.0,7800.0,7700.0,-7.23%,-0.65%,上涨期
2020-06-15,7650.0,7850.0,7750.0,-7.19%,0.65%,上涨期
2020-06-16,7700.0,7850.0,7775.0,-6.89%,0.32%,上涨期
2020-06-17,7700.0,7850.0,7775.0,-6.89%,0.00%,上涨期
2020-06-18,7750.0,7950.0,7850.0,-5.42%,0.96%,上涨期
2020-06-19,7750.0,7900.0,7825.0,-6.57%,-0.32%,上涨期
2020-06-22,7700.0,7900.0,7800.0,-8.24%,-0.32%,上涨期
2020-06-23,7700.0,7900.0,7800.0,-8.24%,0.00%,上涨期
2020-06-24,7700.0,7900.0,7800.0,-8.77%,0.00%,上涨期
2020-06-28,7700.0,7900.0,7800.0,-8.77%,0.00%,上涨期
2020-06-29,7650.0,7850.0,7750.0,-9.36%,-0.64%,上涨期
2020-06-30,7650.0,7850.0,7750.0,-9.36%,0.00%,上涨期
2020-07-01,7650.0,7850.0,7750.0,-11.43%,0.00%,上涨期
2020-07-02,7650.0,7850.0,7750.0,-10.14%,0.00%,上涨期
2020-07-03,7750.0,7900.0,7825.0,-11.83%,0.97%,上涨期
2020-07-06,7850.0,7950.0,7900.0,-9.46%,0.96%,上涨期
2020-07-07,7900.0,7950.0,7925.0,-9.17%,0.32%,上涨期
2020-07-08,7900.0,8050.0,7975.0,-9.89%,0.63%,上涨期
2020-07-09,7850.0,8000.0,7925.0,-10.45%,-0.63%,平稳期
2020-07-10,7800.0,7950.0,7875.0,-11.02%,-0.63%,平稳期
2020-07-13,7800.0,7950.0,7875.0,-10.26%,0.00%,平稳期
2020-07-14,7780.0,7900.0,7840.0,-10.66%,-0.44%,平稳期
2020-07-15,7750.0,7900.0,7825.0,-10.83%,-0.19%,平稳期
2020-07-16,7650.0,7830.0,7740.0,-11.79%,-1.09%,平稳期
2020-07-17,7650.0,7830.0,7740.0,-11.29%,0.00%,平稳期
2020-07-20,7650.0,7830.0,7740.0,-11.03%,0.00%,平稳期
2020-07-21,7700.0,7850.0,7775.0,-10.63%,0.45%,平稳期
2020-07-22,7700.0,7850.0,7775.0,-10.63%,0.00%,平稳期
2020-07-23,7650.0,7800.0,7725.0,-11.71%,-0.64%,平稳期
2020-07-24,7600.0,7800.0,7700.0,-11.49%,-0.32%,上涨期
2020-07-27,7600.0,7800.0,7700.0,-12.00%,0.00%,上涨期
2020-07-28,7700.0,7880.0,7790.0,-10.97%,1.17%,上涨期
2020-07-29,7720.0,7880.0,7800.0,-10.60%,0.13%,上涨期
2020-07-30,7720.0,7900.0,7810.0,-11.25%,0.13%,上涨期
2020-07-31,7650.0,7850.0,7750.0,-11.43%,-0.77%,上涨期
2020-08-03,7650.0,7850.0,7750.0,-10.92%,0.00%,上涨期
2020-08-04,7750.0,7950.0,7850.0,-9.77%,1.29%,上涨期
2020-08-05,7750.0,7970.0,7860.0,-8.87%,0.13%,上涨期
2020-08-06,7750.0,7950.0,7850.0,-8.99%,-0.13%,上涨期
2020-08-07,7700.0,7900.0,7800.0,-9.83%,-0.64%,上涨期
2020-08-10,7700.0,7900.0,7800.0,-9.83%,0.00%,上涨期
2020-08-11,7700.0,7900.0,7800.0,-9.83%,0.00%,上涨期
2020-08-12,7680.0,7850.0,7765.0,-10.23%,-0.45%,上涨期
2020-08-13,7650.0,7830.0,7740.0,-10.52%,-0.32%,上涨期
2020-08-14,7650.0,7850.0,7750.0,-11.17%,0.13%,上涨期
2020-08-17,7650.0,7850.0,7750.0,-10.66%,0.00%,上涨期
2020-08-18,7700.0,7900.0,7800.0,-10.09%,0.65%,上涨期
2020-08-19,7700.0,7900.0,7800.0,-10.09%,0.00%,上涨期
2020-08-20,7700.0,7900.0,7800.0,-10.34%,0.00%,上涨期
2020-08-21,7620.0,7930.0,7775.0,-10.63%,-0.32%,上涨期
2020-08-24,7680.0,7950.0,7815.0,-9.13%,0.51%,上涨期
2020-08-25,7750.0,7950.0,7850.0,-8.72%,0.45%,上涨期
2020-08-26,7800.0,8000.0,7900.0,-7.60%,0.64%,上涨期
2020-08-27,7840.0,8050.0,7945.0,-7.08%,0.57%,上涨期
2020-08-28,7840.0,8100.0,7970.0,-6.78%,0.31%,上涨期
2020-08-31,8050.0,8300.0,8175.0,-3.82%,2.57%,上涨期
2020-09-01,8100.0,8300.0,8200.0,-3.53%,0.31%,上涨期
2020-09-02,8150.0,8400.0,8275.0,-2.65%,0.91%,上涨期
2020-09-03,8230.0,8450.0,8340.0,-2.34%,0.79%,上涨期
2020-09-04,8150.0,8400.0,8275.0,-3.44%,-0.78%,上涨期
2020-09-07,8150.0,8350.0,8250.0,-5.06%,-0.30%,上涨期
2020-09-08,8050.0,8300.0,8175.0,-5.93%,-0.91%,上涨期
2020-09-09,7950.0,8250.0,8100.0,-6.36%,-0.92%,上涨期
2020-09-10,7950.0,8250.0,8100.0,-6.52%,0.00%,上涨期
2020-09-11,7950.0,8200.0,8075.0,-6.81%,-0.31%,上涨期
2020-09-14,7950.0,8200.0,8075.0,-6.81%,0.00%,上涨期
2020-09-15,7930.0,8200.0,8065.0,-6.92%,-0.12%,上涨期
2020-09-16,7930.0,8200.0,8065.0,-8.09%,0.00%,上涨期
2020-09-17,7950.0,8200.0,8075.0,-10.03%,0.12%,上涨期
2020-09-18,7950.0,8220.0,8085.0,-9.16%,0.12%,上涨期
2020-09-21,8000.0,8250.0,8125.0,-8.19%,0.49%,上涨期
2020-09-22,7970.0,8250.0,8110.0,-8.36%,-0.18%,上涨期
2020-09-23,7880.0,8150.0,8015.0,-9.44%,-1.17%,上涨期
2020-09-24,7900.0,8150.0,8025.0,-9.32%,0.12%,上涨期
2020-09-25,8000.0,8200.0,8100.0,-8.47%,0.93%,上涨期
2020-09-27,8000.0,8200.0,8100.0,-7.95%,0.00%,上涨期
2020-09-28,8050.0,8250.0,8150.0,-7.39%,0.62%,上涨期
2020-09-29,8050.0,8200.0,8125.0,-7.67%,-0.31%,上涨期
2020-09-30,7980.0,8100.0,8040.0,-8.64%,-1.05%,上涨期
2020-10-09,8030.0,8180.0,8105.0,-7.37%,0.81%,上涨期
2020-10-10,8080.0,8250.0,8165.0,-6.95%,0.74%,上涨期
2020-10-12,8130.0,8280.0,8205.0,-6.50%,0.49%,上涨期
2020-10-13,8150.0,8300.0,8225.0,-6.27%,0.24%,上涨期
2020-10-14,8180.0,8350.0,8265.0,-5.81%,0.49%,上涨期
2020-10-15,8150.0,8300.0,8225.0,-6.27%,-0.48%,上涨期
2020-10-16,8100.0,8280.0,8190.0,-6.67%,-0.43%,上涨期
2020-10-19,8030.0,8250.0,8140.0,-6.70%,-0.61%,上涨期
2020-10-20,8000.0,8250.0,8125.0,-6.88%,-0.18%,上涨期
2020-10-21,8000.0,8250.0,8125.0,-6.88%,0.00%,上涨期
2020-10-22,8000.0,8270.0,8135.0,-6.39%,0.12%,上涨期
2020-10-23,8000.0,8250.0,8125.0,-6.50%,-0.12%,上涨期
2020-10-26,8000.0,8250.0,8125.0,-6.50%,0.00%,上涨期
2020-10-27,8000.0,8250.0,8125.0,-6.50%,0.00%,上涨期
2020-10-28,8050.0,8250.0,8150.0,-6.05%,0.31%,上涨期
2020-10-29,8100.0,8300.0,8200.0,-4.82%,0.61%,上涨期
2020-10-30,8050.0,8300.0,8175.0,-4.66%,-0.30%,上涨期
2020-11-02,8200.0,8400.0,8300.0,-2.35%,1.53%,上涨期
2020-11-03,8300.0,8450.0,8375.0,-1.47%,0.90%,上涨期
2020-11-04,8250.0,8450.0,8350.0,-2.34%,-0.30%,上涨期
2020-11-05,8200.0,8400.0,8300.0,-2.92%,-0.60%,上涨期
2020-11-06,8200.0,8380.0,8290.0,-3.04%,-0.12%,上涨期
2020-11-09,8200.0,8380.0,8290.0,-3.04%,0.00%,上涨期
2020-11-10,8220.0,8400.0,8310.0,-2.81%,0.24%,上涨期
2020-11-11,8200.0,8380.0,8290.0,-2.18%,-0.24%,上涨期
2020-11-12,8250.0,8480.0,8365.0,-1.30%,0.90%,上涨期
2020-11-13,8300.0,8530.0,8415.0,-0.71%,0.60%,上涨期
2020-11-16,8500.0,8700.0,8600.0,2.38%,2.20%,上涨期
2020-11-17,8450.0,8700.0,8575.0,2.08%,-0.29%,上涨期
2020-11-18,8600.0,8800.0,8700.0,3.88%,1.46%,上涨期
2020-11-19,8700.0,8850.0,8775.0,4.78%,0.86%,上涨期
2020-11-20,8700.0,8850.0,8775.0,4.78%,0.00%,上涨期
2020-11-23,8850.0,9100.0,8975.0,7.49%,2.28%,上涨期
2020-11-24,8950.0,9150.0,9050.0,8.38%,0.84%,上涨期
2020-11-25,9000.0,9200.0,9100.0,9.31%,0.55%,上涨期
2020-11-26,8950.0,9100.0,9025.0,7.95%,-0.82%,上涨期
2020-11-27,8850.0,9000.0,8925.0,7.21%,-1.11%,上涨期
2020-11-30,8850.0,9000.0,8925.0,7.21%,0.00%,上涨期
2020-12-01,8800.0,8900.0,8850.0,6.31%,-0.84%,上涨期
2020-12-02,8750.0,8850.0,8800.0,6.02%,-0.56%,上涨期
2020-12-03,8600.0,8750.0,8675.0,4.52%,-1.42%,上涨期
2020-12-04,8630.0,8700.0,8665.0,4.71%,-0.12%,上涨期
2020-12-07,8680.0,8750.0,8715.0,6.28%,0.58%,上涨期
2020-12-08,8600.0,8700.0,8650.0,5.49%,-0.75%,上涨期
2020-12-09,8630.0,8700.0,8665.0,6.65%,0.17%,上涨期
2020-12-10,8700.0,8780.0,8740.0,8.24%,0.87%,上涨期
2020-12-11,8630.0,8700.0,8665.0,8.65%,-0.86%,上涨期
2020-12-14,8680.0,8750.0,8715.0,9.97%,0.58%,上涨期
2020-12-15,8500.0,8600.0,8550.0,7.89%,-1.89%,上涨期
2020-12-16,8450.0,8550.0,8500.0,7.26%,-0.58%,上涨期
2020-12-17,8450.0,8550.0,8500.0,7.26%,0.00%,上涨期
2020-12-18,8550.0,8630.0,8590.0,9.08%,1.06%,上涨期
2020-12-21,8530.0,8600.0,8565.0,10.16%,-0.29%,上涨期
2020-12-22,8550.0,8650.0,8600.0,10.61%,0.41%,上涨期
2020-12-23,8350.0,8450.0,8400.0,8.39%,-2.33%,上涨期
2020-12-24,8380.0,8450.0,8415.0,8.93%,0.18%,上涨期
2020-12-25,8330.0,8450.0,8390.0,8.96%,-0.30%,上涨期
2020-12-28,8100.0,8250.0,8175.0,6.72%,-2.56%,上涨期
2020-12-29,8000.0,8150.0,8075.0,5.42%,-1.22%,上涨期
2020-12-30,7980.0,8150.0,8065.0,5.08%,-0.12%,上涨期
2020-12-31,8000.0,8200.0,8100.0,5.54%,0.43%,上涨期
2021-01-04,8050.0,8250.0,8150.0,7.24%,0.62%,上涨期
2021-01-05,8100.0,8300.0,8200.0,7.89%,0.61%,上涨期
2021-01-06,8050.0,8250.0,8150.0,7.24%,-0.61%,上涨期
2021-01-07,8000.0,8200.0,8100.0,7.28%,-0.61%,上涨期
2021-01-08,7950.0,8200.0,8075.0,6.95%,-0.31%,上涨期
2021-01-11,7950.0,8180.0,8065.0,6.82%,-0.12%,上涨期
2021-01-12,7950.0,8150.0,8050.0,6.62%,-0.19%,上涨期
2021-01-13,7950.0,8150.0,8050.0,6.62%,0.00%,上涨期
2021-01-14,7950.0,8150.0,8050.0,6.27%,0.00%,上涨期
2021-01-15,8000.0,8200.0,8100.0,6.93%,0.62%,上涨期
2021-01-18,8150.0,8350.0,8250.0,10.00%,1.85%,上涨期
2021-01-19,8250.0,8500.0,8375.0,11.67%,1.52%,上涨期
2021-01-20,8180.0,8450.0,8315.0,11.24%,-0.72%,上涨期
2021-01-21,8180.0,8450.0,8315.0,11.24%,0.00%,上涨期
2021-01-22,8230.0,8500.0,8365.0,11.91%,0.60%,上涨期
2021-01-25,8200.0,8450.0,8325.0,12.50%,-0.48%,上涨期
2021-01-26,8200.0,8450.0,8325.0,12.50%,0.00%,上涨期
2021-01-27,8200.0,8450.0,8325.0,12.50%,0.00%,上涨期
2021-01-28,8250.0,8500.0,8375.0,13.18%,0.60%,上涨期
2021-01-29,8350.0,8550.0,8450.0,14.19%,0.90%,上涨期
2021-02-01,8300.0,8500.0,8400.0,13.51%,-0.59%,上涨期
2021-02-02,8280.0,8500.0,8390.0,13.38%,-0.12%,上涨期
2021-02-03,8250.0,8450.0,8350.0,19.29%,-0.48%,上涨期
2021-02-04,8300.0,8450.0,8375.0,21.38%,0.30%,上涨期
2021-02-05,8350.0,8500.0,8425.0,22.10%,0.60%,上涨期
2021-02-07,8400.0,8500.0,8450.0,23.36%,0.30%,上涨期
2021-02-08,8430.0,8500.0,8465.0,23.58%,0.18%,上涨期
2021-02-09,8400.0,8500.0,8450.0,23.36%,-0.18%,上涨期
2021-02-10,8400.0,8500.0,8450.0,23.36%,0.00%,上涨期
2021-02-18,8700.0,8800.0,8750.0,28.21%,3.55%,上涨期
2021-02-19,8800.0,8900.0,8850.0,28.73%,1.14%,上涨期
2021-02-20,8950.0,9100.0,9025.0,29.39%,1.98%,上涨期
2021-02-22,9250.0,9350.0,9300.0,31.63%,3.05%,平稳期
2021-02-23,9350.0,9500.0,9425.0,33.40%,1.34%,平稳期
2021-02-24,9300.0,9400.0,9350.0,33.57%,-0.80%,平稳期
2021-02-25,9300.0,9400.0,9350.0,34.05%,0.00%,平稳期
2021-02-26,9300.0,9400.0,9350.0,34.05%,0.00%,平稳期
2021-03-01,9300.0,9400.0,9350.0,35.51%,0.00%,平稳期
2021-03-02,9200.0,9350.0,9275.0,33.94%,-0.80%,平稳期
2021-03-03,9270.0,9400.0,9335.0,32.88%,0.65%,平稳期
2021-03-04,9350.0,9450.0,9400.0,33.81%,0.70%,平稳期
2021-03-05,9300.0,9400.0,9350.0,32.16%,-0.53%,平稳期
2021-03-08,9530.0,9600.0,9565.0,35.19%,2.30%,平稳期
2021-03-09,9500.0,9600.0,9550.0,38.41%,-0.16%,平稳期
2021-03-10,9330.0,9400.0,9365.0,34.75%,-1.94%,平稳期
2021-03-11,9250.0,9350.0,9300.0,32.86%,-0.69%,平稳期
2021-03-12,9350.0,9450.0,9400.0,36.23%,1.08%,平稳期
2021-03-15,9450.0,9550.0,9500.0,38.69%,1.06%,平稳期
2021-03-16,9500.0,9600.0,9550.0,39.72%,0.53%,平稳期
2021-03-17,9350.0,9450.0,9400.0,39.47%,-1.57%,平稳期
2021-03-18,9350.0,9450.0,9400.0,38.44%,0.00%,平稳期
2021-03-19,9250.0,9350.0,9300.0,40.38%,-1.06%,平稳期
2021-03-22,9200.0,9350.0,9275.0,39.16%,-0.27%,平稳期
2021-03-23,9100.0,9250.0,9175.0,39.54%,-1.08%,下跌期
2021-03-24,9000.0,9200.0,9100.0,38.40%,-0.82%,平稳期
2021-03-25,9000.0,9200.0,9100.0,38.93%,0.00%,平稳期
2021-03-26,9000.0,9200.0,9100.0,41.09%,0.00%,平稳期
2021-03-29,9050.0,9300.0,9175.0,47.98%,0.82%,平稳期
2021-03-30,9050.0,9250.0,9150.0,51.24%,-0.27%,平稳期
2021-03-31,9000.0,9200.0,9100.0,47.97%,-0.55%,平稳期
2021-04-01,9000.0,9100.0,9050.0,45.97%,-0.55%,平稳期
2021-04-02,9050.0,9200.0,9125.0,46.00%,0.83%,平稳期
2021-04-06,9050.0,9250.0,9150.0,42.97%,0.27%,平稳期
2021-04-07,9050.0,9300.0,9175.0,33.94%,0.27%,平稳期
2021-04-08,9000.0,9200.0,9100.0,27.72%,-0.82%,上涨期
2021-04-09,8900.0,9150.0,9025.0,24.91%,-0.82%,上涨期
2021-04-12,8800.0,9050.0,8925.0,19.40%,-1.11%,上涨期
2021-04-13,8800.0,8900.0,8850.0,-3.80%,-0.84%,上涨期
2021-04-14,8700.0,8850.0,8775.0,0.29%,-0.85%,上涨期
2021-04-15,8750.0,8900.0,8825.0,9.63%,0.57%,上涨期
2021-04-16,8850.0,8950.0,8900.0,19.46%,0.85%,上涨期
2021-04-19,8800.0,8950.0,8875.0,17.55%,-0.28%,上涨期
2021-04-20,8800.0,8900.0,8850.0,19.19%,-0.28%,上涨期
2021-04-21,8650.0,8750.0,8700.0,20.00%,-1.69%,上涨期
2021-04-22,8650.0,8750.0,8700.0,25.18%,0.00%,平稳期
2021-04-23,8650.0,8750.0,8700.0,21.68%,0.00%,平稳期
2021-04-25,8650.0,8750.0,8700.0,19.59%,0.00%,平稳期
2021-04-26,8650.0,8750.0,8700.0,17.17%,0.00%,平稳期
2021-04-27,8680.0,8780.0,8730.0,16.01%,0.34%,平稳期
2021-04-28,8680.0,8780.0,8730.0,16.01%,0.00%,平稳期
2021-04-29,8680.0,8780.0,8730.0,16.01%,0.00%,平稳期
2021-04-30,8650.0,8750.0,8700.0,15.61%,-0.34%,平稳期
2021-05-06,8800.0,8900.0,8850.0,15.69%,1.72%,平稳期
2021-05-07,8830.0,8900.0,8865.0,14.76%,0.17%,平稳期
2021-05-08,8850.0,8900.0,8875.0,15.64%,0.11%,平稳期
2021-05-10,8850.0,8950.0,8900.0,16.72%,0.28%,平稳期
2021-05-11,8750.0,8850.0,8800.0,16.94%,-1.12%,平稳期
2021-05-12,8850.0,8950.0,8900.0,20.68%,1.14%,平稳期
2021-05-13,8900.0,8950.0,8925.0,21.84%,0.28%,平稳期
2021-05-14,8800.0,8900.0,8850.0,20.82%,-0.84%,平稳期
2021-05-17,8800.0,8900.0,8850.0,20.82%,0.00%,平稳期
2021-05-18,8750.0,8900.0,8825.0,19.26%,-0.28%,平稳期
2021-05-19,8600.0,8800.0,8700.0,14.85%,-1.42%,平稳期
2021-05-20,8500.0,8700.0,8600.0,13.53%,-1.15%,平稳期
2021-05-21,8500.0,8650.0,8575.0,11.73%,-0.29%,平稳期
2021-05-24,8500.0,8650.0,8575.0,13.20%,0.00%,平稳期
2021-05-25,8500.0,8700.0,8600.0,13.53%,0.29%,平稳期
2021-05-26,8460.0,8700.0,8580.0,13.27%,-0.23%,平稳期
2021-05-27,8450.0,8700.0,8575.0,13.95%,-0.06%,平稳期
2021-05-28,8550.0,8700.0,8625.0,14.62%,0.58%,平稳期
2021-05-31,8550.0,8750.0,8650.0,13.82%,0.29%,平稳期
2021-06-01,8550.0,8750.0,8650.0,11.61%,0.00%,平稳期
2021-06-02,8550.0,8750.0,8650.0,10.19%,0.00%,平稳期
2021-06-03,8500.0,8700.0,8600.0,9.90%,-0.58%,平稳期
2021-06-04,8480.0,8650.0,8565.0,9.46%,-0.41%,平稳期
2021-06-07,8400.0,8550.0,8475.0,9.35%,-1.05%,平稳期
2021-06-08,8300.0,8500.0,8400.0,8.39%,-0.88%,平稳期
2021-06-09,8300.0,8500.0,8400.0,8.39%,0.00%,平稳期
2021-06-10,8300.0,8500.0,8400.0,7.69%,0.00%,平稳期
2021-06-11,8300.0,8500.0,8400.0,8.39%,0.00%,平稳期
2021-06-15,8300.0,8500.0,8400.0,8.39%,0.00%,平稳期
2021-06-16,8350.0,8550.0,8450.0,8.68%,0.60%,平稳期
2021-06-17,8350.0,8550.0,8450.0,8.68%,0.00%,平稳期
2021-06-18,8300.0,8500.0,8400.0,7.01%,-0.59%,平稳期
2021-06-21,8350.0,8550.0,8450.0,7.99%,0.60%,平稳期
2021-06-22,8420.0,8550.0,8485.0,8.78%,0.41%,平稳期
2021-06-23,8450.0,8600.0,8525.0,9.29%,0.47%,平稳期
2021-06-24,8480.0,8650.0,8565.0,9.81%,0.47%,平稳期
2021-06-25,8480.0,8650.0,8565.0,9.81%,0.00%,平稳期
2021-06-28,8500.0,8650.0,8575.0,9.94%,0.12%,平稳期
2021-06-29,8500.0,8650.0,8575.0,10.65%,0.00%,平稳期
2021-06-30,8500.0,8650.0,8575.0,10.65%,0.00%,平稳期
2021-07-01,8500.0,8650.0,8575.0,10.65%,0.00%,平稳期
2021-07-02,8500.0,8650.0,8575.0,10.65%,0.00%,平稳期
2021-07-05,8600.0,8680.0,8640.0,10.42%,0.76%,平稳期
2021-07-06,8620.0,8750.0,8685.0,9.94%,0.52%,平稳期
2021-07-07,8450.0,8650.0,8550.0,7.89%,-1.55%,平稳期
2021-07-08,8420.0,8600.0,8510.0,6.71%,-0.47%,平稳期
2021-07-09,8450.0,8600.0,8525.0,7.57%,0.18%,平稳期
2021-07-12,8600.0,8700.0,8650.0,9.84%,1.47%,平稳期
2021-07-13,8520.0,8700.0,8610.0,9.33%,-0.46%,平稳期
2021-07-14,8450.0,8600.0,8525.0,8.74%,-0.99%,平稳期
2021-07-15,8400.0,8550.0,8475.0,8.31%,-0.59%,平稳期
